id,name,SH
1,서울이치과의원,
2,메가엠지씨커피 수지e편한세상점,
3,건강미인만들기,
4,비엔나피아노교습소,
5,만랩커피 수지동천점,
6,끌림미장원,
7,은시루,
8,아트 하트미술교습소,
9,읍천리382용인죽전점,
10,허그포레스트,
11,수영모터스,
12,모노스디자인,
13,늘발레학원,
14,에스아이스포츠아카데미,
15,이자경수학광교고등학원,
16,모노캠프,
17,경희대LION STAR태권도장,
18,서울석사태권도장,
19,수지온한의원,
20,포레스트동천가,
21,청년다방 용인죽전점,
22,베로나,
23,남문떡볶이 풍덕초입마을점,
24,금호타이어 서분당IC점,
25,윤지연 헤어샵,
26,헤라드헤어살롱,
27,시크헤어싸롱,
28,슬로우캘리 수지구청점,
29,잭니클라우스골프아카데미조두,
30,플랜에이스터디카페수지성복센터,
31,생활의향기,
32,센스오브스타일루이,
33,얼맥당 용인수지점,
34,죽전한의원,
35,글로벌뷰티산업경영연구소,
36,태후사랑,
37,오늘보다내일짐,
38,크로스핏메이트2 0,
39,밀라노짐 죽전점,
40,포토제니 카페,
41,카페프리헷 용인죽전점,
42,수지아이스크림가게,
43,아재불닭발그리고오돌뼈,
44,고씨네카레,
45,카스파타운,
46,라라 필라테스,
47,무띠키친,
48,봉평메밀막국수,
49,풍덕천 두꺼비집,
50,픽미픽미아이스 수지풍덕천점,
51,지니스토리 영어학원,
52,딩동댕피아노교습소,
53,뮤엠영어,
54,몰입본능 관리형 스터디카페,
55,퍼펙트점프 음악줄넘기,
56,호호정육점,
57,햇살꽃정원,
58,이현탑수학교습소,
59,윤넛,
60,조아수학교습소,
61,더그림미술,
62,앤피아노교습소,
63,온담 청국장 보리밥,
64,리틀팍스죽전어학원,
65,더퍼스트클래스 중고등영어학원,
66,모터파크카센터,
67,유진스킨케어,
68,노용환치과,
69,솔약국,
70,동네약국,
71,희망약국,
72,소미치과,
73,완이수학교습소,
74,올가드림뷰티,
75,신세계 카 써비스,
76,제일카세차장,
77,에스더피부,
78,365 열린큰약국,
79,마루한동물병원,
80,피아이에이학원,
81,율수학,
82,리드인 롯데캐슬 클라시엘점,
83,찌개본가,
84,골드피아,
85,네일테라스,
86,한솥 용인상현역점,
87,60계치킨수지성복점,
88,트리아농,
89,누나홀닭,
90,대지카센타,
91,이브자리 동천점,
92,라플렌헤어,
93,수앤준 헤어,
94,으뜸원 동물병원,
95,사계애김밥,
96,아재냉삼,
97,에스엠라인,
98,스넥식당및매점,
99,아이스크림 785,
100,아이스쿠키,
101,낭낭오리집 수지점,
102,지코바치킨 풍덕천1호점,
103,헤이 썬 브런치카페,
104,밤키친 고고,
105,설악산강황칼국수,
106,꼬치꼬치,
107,보원마트,
108,희,
109,베이크 슈,
110,뚜레쥬르 용인 죽전점,
111,소문난떡집,
112,아이스캔디 죽전점,
113,고엔스시,
114,테로세,
115,리틀드리머스북클럽,
116,그랜드피아노음악교습소,
117,그리다홍,
118,인생곱창,
119,경희차이한의원,
120,카이스트치과,
121,상현프라임치과,
122,안종인치과,
123,러닝플레이스관리형독서실,
124,더 푸짐한 후라이드 카페 수지점,
125,착한언니속눈썹,
126,클랑크벨레음악학원,
127,신야채왕 과일왕,
128,죽전골 남원추어탕,
129,브론즈가든,
130,코지 태닝,
131,스파르타인재니움학원,
132,마이엡어학원,
133,창작세계미술교습소,
134,제이케이정앤감영어교습소,
135,이레피아노음악교습소,
136,우신프린팅,
137,몽크실용음악학원2호점,
138,윤스헤어살롱,
139,월드도기타일,
140,도시스,
141,모모미술교습소,
142,장원교육용인수지지점,
143,더리얼휘트니스,
144,에스제이당구클럽,
145,식껍 수지구청점,
146,우리할매떡볶이,
147,위블랙,
148,호주면세점 용인수지점,
149,시냅스파트너,
150,플랜수학교습소,
151,아이 love music piano,
152,수지아트트리미술교습소,
153,테니스부스,
154,민투유 필라테스,
155,공증인 정창섭 사무소,
156,바고스,
157,신세계빈대떡,
158,시에나플랜트,
159,수지화훼,
160,클리브랜드 죽전점,
161,해솔정신건강의학과의원,
162,광교그린산부인과의원,
163,골드기사식당,
164,스마트냉열,
165,라파엘주얼리수리센터,
166,에이블영어학원,
167,엘로이음악교습소,
168,송월타올수지상사,
169,나이스가이,
170,지나 헤어갤러리,
171,한양아이소리 용인심리상담센터,
172,바른식탁,
173,새생명약국,
174,그레잇룸헤어,
175,착한고기용인수지점,
176,요가무심,
177,반하정 수지본점,
178,매쓰델로오수학교습소,
179,다빈치노트미술교습소,
180,이마스터영어학원,
181,벨,
182,착한필름수지,
183,백남옥달인손만두,
184,정미제과소,
185,수지음악학원,
186,영어습관영어교습소,
187,감성실용음악학원,
188,라움음악연습실,
189,르하임스터디카페수지상현점,
190,시작스터디카페 수지점,
191,경성꽈배기,
192,촌,
193,삼백식당 상현점,
194,미진축산 성복역점,
195,함흥냉면,
196,이담에스테틱,
197,수지필즈수학보습학원,
198,하연과학상현과학교습소,
199,러블리,
200,이니스프리 용인수지,
201,떠기다방 수지구청점,
202,아담리즈수학수지센터학원,
203,솔리드영어학원,
204,수학의봄날학원,
205,비비큐 죽전새터점,
206,빠마머리,
207,명품회수산,
208,LG6차화이트,
209,퍼스트크리닝,
210,다비치안경 용인상현점,
211,연세노블S의원,
212,윤선생영어숲용인상현학원,
213,공부머리키우는독해랑창의랑학원,
214,갤러리당구장,
215,퀸크루즈노래연습장,
216,자람심리학습센터,
217,광교연습실,
218,싸움의고수 죽전점,
219,메디칼약국,
220,버브,
221,시크릿수학학원,
222,얌샘김밥 수지신봉점,
223,인생아구찜,
224,상현 블랙벨트 태권도,
225,더미스 성형외과,
226,서가당,
227,화꾸,
228,수지상현 멘토즈 스터디카페,
229,스타노래연습장,
230,그림뜰미술교습소,
231,아델리오헤어,
232,조은헤어,
233,장이비인후과,
234,김재한내과의원,
235,누리가정의학과의원,
236,초코초코 잡화점,
237,란체티옴무,
238,타야미용실,
239,한결통아구찜,
240,깐부치킨신봉점,
241,멕시카나 상현점,
242,찐 타코야끼,
243,크린토피아 만현점,
244,맥주밤거리 용인동천점,
245,짜장일번지,
246,코지,
247,온유 파스타,
248,이엘아트갤러리,
249,미코수학교습소,
250,킨크커피 용인동천점,
251,살롱보뇌르,
252,풍원추어탕,
253,더리터24 수지동천점,
254,우지커피 광교상현역점,
255,다에르,
256,행복만들기보나미용실,
257,첫점 용인점,
258,알라딘,
259,용인데이터복구서버유에스비외장하드복구데이터세,
260,커스텀커피 상현점,
261,이삭토스트 광교상현점,
262,아이업 아동발달 센터,
263,수지마디의원,
264,플라워스튜디오마실,
265,후스헤어,
266,그루스터디카페 수지신봉센터,
267,책숲,
268,씨에스셀파학원,
269,공룡영수2관학원,
270,백승학원,
271,리본휘트니스,
272,노다지,
273,돈지돈지,
274,수지가온ABA연구소,
275,트로피티아일랜드 광교점,
276,진헤어,
277,배스킨라빈스 용인동천2호,
278,코코호도광교상현역점,
279,엔에스알 죽전점,
280,꽃집 빈야,
281,롯데리아용인죽전1동점,
282,밤새노가리비어,
283,굿타임미술교습소,
284,수담재수학교습소,
285,지엔과학교습소,
286,라임피아노교습소,
287,퀵스탑리테일,
288,아이스크림할인점,
289,전람회,
290,초밥대통령 용인수지점,
291,쎄븐세탁소,
292,크린토피아 수지주공점,
293,봉명동내커피 동천풍덕천점,
294,키즈스피치예소스,
295,유노점프성복점 TKD,
296,인디고아트,
297,곰돌이당구장,
298,아모르헤어,
299,신성전기조명,
300,클로바 죽전점,
301,슈퍼키친 신봉점,
302,살롱드945,
303,나이스헤어샵,
304,삼형제김밥 상현역점,
305,또봉이통닭성복점,
306,데즐,
307,코코매쓰 수학학원,
308,다이브영어학원,
309,주영치과,
310,행복치과의원,
311,동천뉴욕치과의원,
312,제이비보컬프로 실용음악교습소,
313,노모어피자 죽전점,
314,든든한 김밥,
315,상구네솥뚜껑,
316,선비칼국수 상현역점,
317,파리바게뜨 동천점,
318,아르떼꾸라미술학원,
319,한국피아노학원,
320,루이비독,
321,퍼피데일리,
322,쏘시지요 수지구청점,
323,블리스어라운드,
324,하고메,
325,에카요가,
326,로그테니스,
327,안나헤어살롱,
328,아모레카운셀러,
329,지니플러스수학교습소,
330,벽돌수학교습소,
331,아이패밀리안경콘택트수지성복점,
332,GS25죽전도담마을점,
333,유데이,
334,생각in수학,
335,맘한의원,
336,네일 조아서,
337,업스포츠,
338,더 바이올린 교습소,
339,아인클랑음악학원,
340,염광의원,
341,레드버튼 수지구청점,
342,멍냥이편의점 상현점,
343,서울가정의학과의원,
344,삼성신경외과,
345,Reborn왁싱앤브로우,
346,높은음자리음악학원,
347,자연음악학원,
348,쾰른플루트교습소,
349,더클래스스터디카페 신봉점,
350,조이스터디,
351,더함아트미술교습소,
352,고운치과의원,
353,수인치과의원,
354,패밀리치과의원,
355,단델리온,
356,정성미용실,
357,스케치,
358,소문난성복한우곱창,
359,드와랑미술교습소,
360,피아노이야기음악교습소,
361,프라우드유 헤어,
362,리안헤어 성복역점,
363,김종애헤어샵,
364,라홍방마라탕 죽전점,
365,스터디엔카페독서실,
366,으뜸플러스 용인상현점,
367,일공공일안경 신봉점,
368,이안안경콘택트,
369,크린토피아,
370,광교회수산,
371,코리스시,
372,카페인24 용인수지점,
373,나인패치,
374,엄마 아빠가 농부,
375,스터디뱅크죽전독서실,
376,코너스톤 수학학원,
377,프라미스 영어 광교학원,
378,채선당 수지외식타운점,
379,에이치 스튜디오,
380,키위미술교습소,
381,광교프라임한의원,
382,상현발달상담센터,
383,카페 커빙,
384,강쌤영어교습소,
385,신봉수기명가,
386,수지빅스마일치과,
387,양철북곱창 용인성복점,
388,해법수학,
389,맘스터치 죽전새터마을점,
390,브로핏,
391,원더S영어학원,
392,에이디수학학원,
393,세연헤어,
394,죽전건강드림약국,
395,올타실험과학학원,
396,이지영어교습소,
397,소랑돼지랑,
398,성공가도,
399,창모루칼제비죽전점,
400,황금코다리동천점,
401,컴포즈커피 동천중앙점,
402,아름드리리더스태권도장,
403,수지제일요양원,
404,수지 발가락,
405,경희수 한방약국,
406,강남동물의료센터,
407,플랜에이 스터디카페 용인수지센터,
408,슈퍼클린,
409,상상오리 수지점,
410,용인이용원,
411,로뎀수학교습소,
412,스마트해법수학신봉우남수학교습소,
413,신촌빌딩,
414,유모터스,
415,휴대폰 상점,
416,에스엔와이통신,
417,다시채움,
418,비전문고,
419,아트트리 미술교습소,
420,뿌리수학과학학원,
421,리드인독서논술한빛학원,
422,마켓무,
423,마틸다,
424,황신영 Beauty,
425,썸그린,
426,세인트복싱,
427,용인대수지태권도장,
428,경희대 올림픽 태권도장,
429,버거리 버거,
430,셀루악기,
431,최상현치과의원,
432,수지예인치과의원,
433,수지이다치과의원,
434,이편한치과의원,
435,왕십리곱창,
436,명랑핫도그 수지성복점,
437,행복한 음악학원,
438,피카솔음악학원,
439,마루한지방,
440,광교 연세소아청소년과 의원,
441,헤어포인트,
442,다빈치뷰티랩,
443,동천 아이스크림 할인점,
444,브레인코리아,
445,미래엔수학동천학원,
446,서원약국,
447,신문읽고토론하는미라클NIE 사회교습소,
448,부부 장독대,
449,사랑가득찬,
450,달떡볶이 수지구청점,
451,라라키친,
452,초록마을 동천점,
453,다정한의원,
454,메가엠지씨커피 성복역점,
455,샤브르정원 용인죽전점,
456,아이비전,
457,새이국어논술교습소,
458,하이메티스 수학학원,
459,가정약국,
460,새빛의료기복지용구,
461,김창수학교습소,
462,소나무,
463,데일리약국,
464,훈이네 김치찌개,
465,더골프 아카데미,
466,수지정평수학교습소,
467,이지헤어,
468,서울치과,
469,가나안농원,
470,엘더블유에스,
471,대일카센타,
472,서울철물,
473,위너3D골프연습장,
474,서울약국,
475,보보헤어,
476,서울미치과,
477,헤어에비뉴,
478,용우동,
479,용인대백호태권도장,
480,꽃 힐링,
481,올라운더 바버샵,
482,크린에이드,
483,아이스박스 풍덕천점,
484,강아지봄,
485,한덮,
486,뚜레쥬르 용인죽전점,
487,서수지인테리어,
488,카페168,
489,남문떡볶이성복점,
490,키친508,
491,수련 불낙전골,
492,도도헤어 메이크업,
493,만나반찬,
494,래채 베이커리,
495,카페 유,
496,바바네일,
497,에이드로잉,
498,삼양 우숙이,
499,메가엠지씨커피 용인신봉마을점,
500,온,
501,탕화쿵푸마라탕,
502,야구홀릭,
503,미스터피자상현,
504,김밥나라,
505,소노야 용인상현점,
506,코이라멘수지구청역점,
507,오묘 붙임머리,
508,김규리 헤어젬,
509,신정면,
510,제일식당,
511,아르빈스,
512,케이지모빌리티 수지서비스프라자,
513,트리플에이커피,
514,공차수지구청점,
515,은혜헤어,
516,1등급관리형독서실,
517,광교푸른약국,
518,앞서가는21세기약국,
519,그림아트스튜디오 미술교습소,
520,수지 오송한약국,
521,카페토스피아,
522,어서오시게,
523,테라스478,
524,흰돌치과,
525,캡틴차이나,
526,짜짜루,
527,피자스쿨신봉점,
528,명랑핫도그수지구청점,
529,더아뜰리에미술교습소,
530,토리미술교습소,
531,수지스포츠,
532,쌍둥이네 반찬가게,
533,아이스크림스토리 광교상현점,
534,아이스박스 성복점,
535,배떡 죽전점,
536,크리드PC방,
537,샐러드타운,
538,일템포,
539,수지서울 이비인후과,
540,피자어셈블,
541,나은약국,
542,윤진약국,
543,카페그램16,
544,수지우동집,
545,브레드앤밀죽전점,
546,쵸콜렛,
547,탱글 뷰티,
548,혜윰,
549,멜크,
550,동성세탁,
551,루페스 빅풋 디테일링 센터 광교점,
552,프랭크버거 용인상현점,
553,하이짐수지구청점,
554,파리국제음악학원,
555,이마트24 신봉수자인점,
556,우주소년,
557,신봉문고,
558,포트리스베트남쌀국수,
559,스시스테이션 광교상현점,
560,코시수학전문학원,
561,상상박스미술교습소,
562,명,
563,클라스미,
564,담꾹 수지성복점,
565,그레잇밀,
566,보드게임공간 미플즈,
567,혁신수학학원,
568,가온김경희수학전문학원,
569,타마시헤어 수지구청점,
570,꼬쟁이,
571,매머드커피 익스프레스 수지구청역점,
572,투썸플레이스 광교상현역점,
573,문구야놀자 성복효자초,
574,코치클래스용인상현점영어교습소,
575,아소비학원,
576,맥가이버,
577,온다정,
578,상록회관상현점,
579,리안헤어,
580,수학을만지다수학교습소,
581,SC커피티처스커피,
582,씨유수지래미안점,
583,씨유죽전신주점,
584,두잉글리쉬학원,
585,세븐일레븐 수지엘지빌리지점,
586,미치코런던학생복,
587,에이프릴 그라운드,
588,메가엠지씨커피 광교상현고점,
589,마음국수,
590,파리바게트 이스트팰리스점,
591,올타수학과학3관학원,
592,드림,
593,신봉본죽,
594,행복식당,
595,죽전오징어,
596,강경태한의원,
597,빛마취통증의학과의원,
598,경희본한의원,
599,신쭈꾸미,
600,아팅 미술 교습소,
601,박지영산부인과,
602,비전안과,
603,황금의원,
604,빙수당 광교상현점,
605,동천이안소아청소년과의원,
606,죽전본정형외과의원,
607,라인업수학학원,
608,장연우헤어,
609,글렌피아노교습소,
610,홍익인투유미술교습소,
611,커피보카,
612,123당구클럽,
613,아다지오 필라테스,
614,웰스톤안경원,
615,안경사랑,
616,1001안경,
617,차앤드,
618,멕시칸치킨삼성점,
619,신통치킨단국대점,
620,채우다필라테스 수지성복점,
621,엘로 필라테스,
622,이마트24 수지우남점,
623,세종옵티마약국,
624,싱싱 노래연습장,
625,미소종합장식,
626,아뜨락미술학원,
627,세미피아노음악학원,
628,피트니스M상현점,
629,더피트니스케이,
630,그림온실아뜰리에미술교습소,
631,상현역해법중국어교습소,
632,동천칼제비,
633,더봄헤어,
634,숙명뮤즈음악교습소,
635,김종구부산어묵,
636,홍대의커피,
637,무드업 네일,
638,성복역 미르약국,
639,광교 상현 컴퓨터,
640,한국난방관리 풍덕천지사,
641,수지엘내과,
642,김진영내과,
643,고은하늘성형외과,
644,잇포,
645,오징어세상,
646,얼돈오뚜기식당 상현맛집,
647,동북숯불양꼬치,
648,6월의 강,
649,커피에반하다 용인상현공원점,
650,그린리버 요양보호사 교육원,
651,서울마디튼튼의원,
652,벌툰 몽유도원 수지구청점,
653,제이바이올린첼로음악학원,
654,리필랜드,
655,차얌 수지구청점,
656,로데오헤어,
657,도트아트 미술학원,
658,플로은 음악학원,
659,수지복떡방,
660,공감,
661,찬드림,
662,구돌씨 커피,
663,소중한점,
664,헐크복싱,
665,소현태권도,
666,꽃다 아뜰리에,
667,김선경 영어학원,
668,다르마에듀학원,
669,광교한의원,
670,드림오피스 동천역점,
671,윤선생영어숲동천학원,
672,나우스크린골프,
673,광교PT필라테스 여성전용 업텐션핏 광교상현본점,
674,거대참치,
675,TOSA영어학원,
676,이마트24 죽전동성점,
677,라운지,
678,별그림아뜰리에미술교습소,
679,광교 세품 축구클럽,
680,애플트리수학원,
681,리더스리딩국어독서논술학원,
682,좋아서하는수학교습소,
683,파워모터스,
684,고반식당 광교상현역점,
685,조선닭집,
686,안경매니저 광교점,
687,글로벌헤어,
688,단뷰티,
689,아띠 스킨케어,
690,엠엔엠수학학원,
691,신정세탁소,
692,국민낙곱새,
693,케이식단카페,
694,듬북담북,
695,써브웨이 광교상현역점,
696,마라홀릭마라탕 수지구청점,
697,아름다운피부과,
698,살랑이는 너,
699,와이즈만영재교육학원,
700,에스티아 뷰티,
701,단아하게,
702,수지골프클럽,
703,골프답다 레슨스튜디오,
704,아이비당구클럽,
705,이레반찬,
706,담꾹 용인수지신정마을점,
707,준 네트웍스,
708,아이데코안경원,
709,하루에,
710,삼촌네 야채청과정육,
711,밥보야뚠뚠이김밥 수지점,
712,에피파니컴퍼니,
713,미누림피부관리실모블링왁싱,
714,한마음애견용품,
715,가온한의원,
716,청뇌한의원 용인 죽전점,
717,수지강한의원,
718,강경태  한의원,
719,착한과일야채,
720,정담,
721,더드림음악교습소,
722,그와그녀의살롱,
723,연세코칭음악학원,
724,에스제이실용음악학원,
725,이재컴퍼니,
726,살롱서화,
727,짚불태백 용인수지점,
728,마음과마음학습발달센터,
729,미란양꼬치,
730,이엘영어학원,
731,최진택한의원,
732,쁘띠몽드,
733,작업실고요,
734,카펠,
735,ER어학원,
736,음주가무,
737,우후죽순수지구청점,
738,필유필라테스,
739,김가네김밥,
740,정든술집,
741,빽다방 용인동천점,
742,GS25수지서봉점,
743,만월김밥,
744,네일 가든하다,
745,다올네일,
746,DO,
747,플레이 수지상현점,
748,여우애김밥 용인성복점,
749,동산손만두수지직영점,
750,자양경희한의원,
751,원일침한의원,
752,킨더미술,
753,분당컴퓨터 한성노트북수리판매,
754,카매니저,
755,자동차병원,
756,김밥천국상현점,
757,작은우주미술교습소,
758,큰울림악기,
759,프렌즈스크린 오리,
760,나이스버디,
761,죽전합기도,
762,에듀코치개별지도죽전2학원,
763,국어에봄학원,
764,점핑파크,
765,번지피지오 번스튜디오,
766,국수집에서만나,
767,커리킹돈,
768,너의작업실미술교습소,
769,아이엠코인노래연습장 상현점,
770,수지Q코인노래연습장,
771,채플린노래연습장,
772,유노점프 동천점,
773,하루두피 용인수지점,
774,분당스페셜티커피학원,
775,서울화봄의원,
776,노블산부인과,
777,가람약국,
778,수지성서약국,
779,리더수학교습소,
780,쏭샘이현 수학교습소,
781,이엘음악학원,
782,카페댕스,
783,위너휘트니스,
784,디저트 양,
785,오마뎅 성복역 이편한세상점,
786,홍익돈까스,
787,모소밤부,
788,한가정약국,
789,헤어스튜디오 감각,
790,새리문헤어,
791,나무헤어살롱,
792,마더플라워,
793,샐러리아 용인죽전점,
794,큐타임당구클럽,
795,이즘,
796,눈부시다,
797,정평낙원방아간,
798,아이스월드,
799,풍덕제분소,
800,오브,
801,더필라테스문,
802,살롱드보떼,
803,서울삼겹살 신봉점,
804,수지 부산이가돼지국밥,
805,녹차먹은돼지,
806,탕화쿵푸마라탕 수지구청역점,
807,귀한족발 수지구청점,
808,라스카뮤직,
809,수지좋은치과의원,
810,아르뉴네일,
811,블랙스완 네일 뷰티,
812,김과장고깃집,
813,메고지고떡창고 용인죽전점,
814,나와바리,
815,정관장성복점,
816,오뜨,
817,김광호  치과의원,
818,하나약국,
819,새보건약국,
820,진수학교습소,
821,화경,
822,뮤즈음악학원,
823,TS학습센터학원,
824,명동칼국수,
825,두마리찜닭 두찜 용인신봉점,
826,미스터보쌈5379 용인수지점,
827,루 스터디카페,
828,파고다차이랑신봉점중국어교습소,
829,라헨느발레학원,
830,스케치독,
831,저스트 독,
832,맘마펫,
833,해맑은내과의원,
834,바흐뮤직아카데미음악교습소,
835,마온실용음악학원,
836,위드피아노 음악학원,
837,구운참,
838,플라츠 베이커리,
839,플레이베이,
840,현암재검도관,
841,포텐 주짓수 MMA 태권도,
842,에스제이미에스테틱,
843,광교바른내과,
844,가족애치과,
845,라돌이마라탕,
846,GS25수지꽃메점,
847,아이스모아,
848,베스트보컬학원,
849,웃음꽃피는치과의원,
850,하우스 핸디맨 수지점,
851,마리나키즈,
852,이투스수학상현2점,
853,광교매쓰업수학학원,
854,수지경희한의원,
855,컷트클럽,
856,청년갑우동,
857,해주냉면,
858,TOP,
859,고우리음악학원,
860,음악사랑음악학원,
861,이화현음악학원,
862,라바게트 성복역점,
863,쿠치나 디 오네스또,
864,수지화원,
865,네일스팟,
866,민트뷰티,
867,린네일,
868,청춘의원,
869,점프스쿨,
870,바른영어교습소,
871,봉평메밀면옥,
872,모오이헤어,
873,장호덕손만두 상현점,
874,에듀프라임 용인수지지사,
875,단국신화,
876,수지인삼센타,
877,권선생의 연어와 새우,
878,수지성복SL동물병원,
879,연 치과기공소,
880,시그니아독일보청기용인수지센터,
881,유앤항외과,
882,제이앤제이갤러리,
883,삼촌칼국수,
884,청년다방용인동천점,
885,라클로이,
886,수지어린이서점,
887,파라헤어,
888,포레뮤직 피아노 음악교습소,
889,성복동 국수집,
890,제프리,
891,류드밀라,
892,컴포즈커피 단대죽전점,
893,혜자,
894,행복드림,
895,오후채스튜디오,
896,씨유수지그린점,
897,에센스수학학원,
898,처갓집양념치킨 수지상현점,
899,플로렌스안경원,
900,네이처컬렉션 수지상현점,
901,경희토비한의원,
902,성복365괜추나한의원,
903,밀긋 베이커리,
904,블랑제리,
905,파리바게트,
906,컴포즈커피 용인수지신봉점,
907,카페 알리에,
908,롤스커피 수지구청점,
909,송근호수학학원,
910,길선생영어학원,
911,SY옷수선,
912,명인옷수선,
913,명품옷수선,
914,삼성영어셀레나대지학원,
915,스터디더집중영어교습소,
916,토론하는 아이들 수지동천 GLE센터 국어논술 교습소,
917,씨유수지성복점,
918,도시곳간 수지동천점,
919,불닭발땡초동대문엽기떡볶이 죽전중앙점,
920,종로건강원,
921,피터건강가이드,
922,용감한왕만두 상현점,
923,수지주막,
924,설우,
925,요술문구,
926,그리다 플러렌 용인수지점,
927,이마트24 죽전건영점,
928,블루클럽 상현동,
929,아트스콜레미술교습소,
930,바른생각약국,
931,우아브 필라테스,
932,죽전감성더하기음악학원,
933,정혜푸드,
934,태광약국,
935,드림오피스 수지점,
936,지엘헤어,
937,오엠지잉글리쉬학원,
938,문제해결의길잡이미래수학학원,
939,우미 Hue 심리상담센터,
940,아란,
941,쉼스킨케어,
942,매쓰몽학원,
943,요미요미수지,
944,호수약국,
945,동천약국,
946,커피에반하다,
947,보솜에스테틱,
948,현대공업사,
949,윤성전기조명,
950,라파,
951,우리민들레약국,
952,통큰곱창 수지죽전점,
953,자이세탁,
954,올림스터디카페,
955,씨엘,
956,엣지,
957,미금농산,
958,미소향,
959,센클영어도서관성복캠퍼스학원,
960,베이프렌드 용인 수지점,
961,복호두 수지구청역점,
962,바른솔내과의원,
963,바우축산,
964,신의주찹쌀순대,
965,어부촌,
966,성복동피아노음악학원,
967,올타에듀,
968,박지영논술학원,
969,세사리빙 용인죽전점,
970,수지 빅스마일치과,
971,함께하는치과의원,
972,임팩트학원,
973,수지탑에듀학원,
974,피쉬학원,
975,오름러닝코칭센터학원,
976,왁싱뮤즈,
977,제임스리딩 수지점학원,
978,온더데스크수지상현독서실,
979,레오,
980,이화약국,
981,그로우랩 수지 신봉점,
982,공간샘스터디카페수지구청점,
983,도토베르구이치킨,
984,큰통치킨,
985,청송타일도기,
986,할리도넛,
987,라필로스플라워,
988,미드라쉬 정형외과의원,
989,빈스테이블 신봉점,
990,곰비네일,
991,엄마분식,
992,늘푸른화원,
993,꽃카페투유,
994,애니펫동물병원,
995,지윤에스테틱,
996,수지해동검도관,
997,햇살머믄 꼬마김밥,
998,파리바게뜨 수지점,
999,한스케익,
1000,해피번 수지구청역점,
1001,서울대가우스수학교습소,
1002,이지셈이정희주산암산학원,
1003,대박축산,
1004,카운터 복싱,
1005,염색나라,
1006,뷰티뮤이,
1007,모티브짐,
1008,포스짐,
1009,지니어스영어교습소,
1010,투와이 프렌차이즈,
1011,드라마뷰티,
1012,아침에 필라테스,
1013,유바디필라테스,
1014,더에이치복싱짐,
1015,COCOJEAN,
1016,24시 무인카페 만월경 만현마을점,
1017,부잣집,
1018,설빙 성복점,
1019,질풍상회,
1020,1253타르트,
1021,가또마들렌,
1022,아이팡팡,
1023,유타워온누리약국,
1024,하나축산,
1025,우미현마트,
1026,무브먼트필라테스,
1027,세븐일레븐 용인상현심곡점,
1028,청실홍실,
1029,오르새피자 수지죽전점,
1030,맘스피자 도담마을점,
1031,동천포차,
1032,어썸핏 신봉점,
1033,프론티어수학학원,
1034,김정임 개인과외교습소,
1035,풍덕천래미안삼성영어교습소,
1036,해법셀파수학,
1037,가마솥설렁탕,
1038,경희올한의원,
1039,해누리센터,
1040,웰동물병원,
1041,크린토피아 용인수지정평점,
1042,탑헤어뱅크,
1043,엘지세탁,
1044,서울호떡용인죽전점,
1045,꿈빛그리다,
1046,프라이머리 커피,
1047,더블랑스,
1048,샬롬한의원,
1049,윤선생영어교실동천센터,
1050,다니엘수학교습소,
1051,에스오에스수지웰빙,
1052,이화돈까스,
1053,묵은지생삼겹살,
1054,삼성영어 셀레나 동천한빛 교습소,
1055,빈이네사진관,
1056,김주상도자기,
1057,버무리떡볶이 용인성복점,
1058,바르다김선생 수지점,
1059,로얄한식,
1060,조이매스,
1061,정평 송바이크,
1062,윤이불닭발,
1063,멜롯,
1064,신봉손세차장,
1065,하얀숲미술교습소,
1066,상상나무미술교습소,
1067,예음피아노교습소,
1068,라라음악교습소,
1069,이가네동태탕,
1070,포지티브쿠키,
1071,우리할매 떡볶이 용인상현점,
1072,최상해법학원,
1073,파란,
1074,경희탑한의원,
1075,진수신경외과,
1076,수지연세본 신경외과의원,
1077,스타일리스트클럽 더헤어,
1078,요즘미용실,
1079,티맥스인라인,
1080,브릿지음악학원,
1081,더원쭈꾸미,
1082,코인워시용인포레나수지동천점,
1083,이오니언네일,
1084,배스킨라빈스,
1085,파리바게뜨 데이파크점,
1086,노블리,
1087,상현학원,
1088,빨강파이프,
1089,미미뮤아트미술교습소,
1090,라라코,
1091,현  헤어클럽,
1092,루아살롱동천점,
1093,루스티코,
1094,배떡,
1095,메가엠지씨커피 죽전단대점,
1096,키아트미술교습소,
1097,송스피아노학원,
1098,성실카센타,
1099,라라피아노,
1100,아카데미창언어논술학원,
1101,봉수학교습소,
1102,교촌치킨,
1103,세븐바이크,
1104,단국현대모터스,
1105,할머니가래떡볶이죽전점,
1106,한근숯불닭갈비 신봉점,
1107,햇살머믄꼬마김밥,
1108,카운터복싱,
1109,자연미의원,
1110,고릴라크루댄스학원,
1111,로얄발레학원,
1112,제이앤에이 댄스스튜디오 오디션학원,
1113,팔도농산물,
1114,팬더스팀세차,
1115,자이세탁소,
1116,크린토피아 수지 동문점,
1117,크린토피아 죽전 현대홈타운점,
1118,드림디포,
1119,문구는 못말려 동천자이점,
1120,삼성영어셀레나심곡학원,
1121,리드101수지동천어학원,
1122,죽전예닮음악학원,
1123,용인대필승태권도,
1124,오키토키,
1125,프리미엄가구백화점,
1126,바오짐 죽전점,
1127,조은화장품,
1128,지평학원,
1129,뷰티라운지,
1130,남서울요양보호사교육원,
1131,루카스안경,
1132,해리 미장원,
1133,피자스쿨용인동천점,
1134,맘스터치  죽전새터마을점,
1135,깐부치킨수지구청점,
1136,스토리웜리딩클럽학원,
1137,군반장광교점,
1138,국가대표태권도,
1139,윙키스,
1140,빌라드쟈니,
1141,쿠키마카롱,
1142,베어스타코 수지동천점,
1143,꼬들목숯불구이,
1144,제이에스영어학원,
1145,네스트,
1146,순수 상현 애플점,
1147,동네미용실,
1148,프라임수학,
1149,동백서서갈비,
1150,봉봉회마차,
1151,삼성영어에이블학원,
1152,공감수학학원,
1153,아이엠실용음악학원,
1154,아모르,
1155,수지유도관,
1156,용인대 가온 멀티짐,
1157,대성이발관,
1158,이마트24 수지구청역점,
1159,염색앤두피동천점,
1160,희망창업평생교육원,
1161,그리다봄 미술교습소,
1162,더벤티 용인신봉점,
1163,육교 옆 카페,
1164,광교산,
1165,올바른정육점,
1166,정읍축산,
1167,루덴스학원,
1168,티나스타일 수지점,
1169,수에르네일,
1170,머리못하는집,
1171,수지냉삼,
1172,아이벨르팜므동천래미안점,
1173,수지미용 헤어클럽,
1174,홀리 디테일링,
1175,슈퍼킹 2호점,
1176,윤씨네,
1177,하나아틀리에학원,
1178,펀비어킹,
1179,밀양동래밀면,
1180,스텔라떡볶이 경기용인수지상현점,
1181,카페 수지,
1182,노랑통닭,
1183,아크로학원,
1184,엘리스,
1185,제주곤이칼국수 광교상현역점,
1186,상현동냉삼집,
1187,24시 무인카페 만월경 죽전점,
1188,마리앤미,
1189,고려철물,
1190,빽다방 용인수지신봉점,
1191,해피오션스포츠,
1192,신봉 에듀플렉스 심리상담 연구소,
1193,삼성영어셀레나현암영어교습소,
1194,쌍둥이네일,
1195,올댓스윗 죽전점,
1196,힐스테이트 광교산 입주자대표회의,
1197,주광엘이디,
1198,글로리아 현악기,
1199,메가엠지씨커피 수지성동마을점,
1200,미주참치,
1201,동천한식뷔페,
1202,레이크 106,
1203,보름기정떡,
1204,24시 무인카페 만월경 상현중앙점,
1205,이브자리 용인수지점,
1206,이투스수학상현1학원,
1207,동천육,
1208,소풍,
1209,파리바게뜨상현힐스테이트점,
1210,심명,
1211,맥땡,
1212,루나커피 라운지,
1213,고원명차,
1214,버니마운틴영어학원,
1215,헤세드 영어,
1216,GS25수지만현마을점,
1217,포레나약국,
1218,더루츠광교실용음악학원,
1219,바퀴달린 그림책 학원,
1220,단지국수,
1221,신봉남원추어탕,
1222,진선철물설비,
1223,크린토피아세탁체인,
1224,자이2차세탁,
1225,길동우동 수지이편한세상점,
1226,소망한의원,
1227,삼성하이덴치과의원,
1228,더뮤즈음악전문학원,
1229,용인대엘리트태권도,
1230,이화이룸수학학원,
1231,이삭토스트,
1232,미라클푸드 수지점,
1233,정드림흑염소,
1234,성원식품,
1235,수헤어클래식,
1236,엠베스트SE죽전캠퍼스학원,
1237,비에이블스터디카페수지구청센터,
1238,서가중국어논술학원,
1239,빠뜨 아 빵,
1240,명진손세차,
1241,영화타일,
1242,밥이라면,
1243,유디치과,
1244,이레치과,
1245,순수동물병원,
1246,상현노인전문요양원,
1247,진프로헤어,
1248,도그캐슬,
1249,슈가브릭,
1250,더케이골프 스타디움 수지점,
1251,아름헤어,
1252,행루즈 바버샵,
1253,풍년떡집,
1254,아이스박스 버들치점,
1255,아부찌 부대찌개 수지점,
1256,씨유수지여진점,
1257,펫퍼스트 24시 강아지분양 고양이,
1258,아크사고력수학학원,
1259,한가네대박고깃집,
1260,구돌씨커피,
1261,애니데이피트니스프리미엄센터수지죽전본점,
1262,잇올스파르타관리형프리미엄독서실,
1263,아이스365신봉점,
1264,스튜디오더컬러,
1265,어게인 필라테스,
1266,오늘N밥,
1267,삼성가나열쇠,
1268,삼성영어셀레나풍천에이스학원,
1269,저먼오토,
1270,프랭크서울,
1271,굴다리족발명인,
1272,호미스피자 용인수지점,
1273,생각대로공부방,
1274,프로매쓰학원,
1275,끌림헤어,
1276,에스엠라운지,
1277,수지풍덕천에이스영어학원,
1278,조이힐리 잉글리쉬,
1279,수지자동차공업사,
1280,서울바로치과의원,
1281,예뿐이네옷수선,
1282,르베리에발레학원,
1283,미플라워,
1284,굽네치킨,
1285,허갈닭강정,
1286,앤,
1287,푸르넷 토월공부방,
1288,뉴원카센타,
1289,연평도해물탕,
1290,열두화덕,
1291,래민헤어,
1292,으뜸가정의학과의원,
1293,플러스건강가정의학과의원,
1294,슈에뜨,
1295,에듀크림슨입시학원,
1296,사오수학학원,
1297,단비약국,
1298,느티나무심리상담센터,
1299,모유사랑,
1300,컴포즈커피 용인수지e편한세상점,
1301,꽃소,
1302,홍천쌀찐빵,
1303,헤어라인,
1304,꿈꾸는피아노음악교습소,
1305,라파헤어,
1306,링스 죽전점,
1307,포레나,
1308,스마트해법수학진산성원수학교습소,
1309,더올림수학,
1310,방이옥 용인수지구청점,
1311,치킨집,
1312,정스시,
1313,브라이트엠영어학원,
1314,바디공작소,
1315,단백짐,
1316,덕현,
1317,서울삼성치과,
1318,광교이음치과,
1319,트리플에이치과,
1320,스타인더컵,
1321,허그매트,
1322,다미로반상,
1323,온도,
1324,굿핸드굿마인드,
1325,씨유 수지동천자이점,
1326,아르케수학학원,
1327,석철국어교습소,
1328,최정임,
1329,우당,
1330,정든집,
1331,오마뎅,
1332,홍대김밥,
1333,칠성제면소 수지점,
1334,커브스 상현클럽,
1335,저스트 피티 스튜디오,
1336,하늘마루,
1337,멍냥의민족 용인상현점,
1338,별빛약국,
1339,수지 정다운 약국,
1340,광교퍼스트약국,
1341,수지한림약국,
1342,바퀴달린그림책학원,
1343,스마트해법수학삼성2차점수학교습소,
1344,향기나무유통,
1345,소리로와 청각언어센터,
1346,성원보수,
1347,쏨땀 튀김,
1348,빌드업잉글리쉬 영어교습소,
1349,한우리 독서 토론 논술 홈클럽,
1350,최강창의숲수학교습소,
1351,하리스타일,
1352,김연화헤어,
1353,라운지365,
1354,현대수입,
1355,북스토리,
1356,라벨르,
1357,위넌스터디카페 수지동천점,
1358,국선도,
1359,카 나비,
1360,쿨아트,
1361,맛나식당,
1362,소소,
1363,탁구사랑,
1364,정다운온누리약국,
1365,드림약국,
1366,라임약국,
1367,행복플러스약국,
1368,즐거운약국,
1369,국풀국기훈국어학원,
1370,지니살롱 수지 신봉점,
1371,리딩덕학원,
1372,매쓰터치 학원,
1373,수지늘푸른독서실,
1374,정관장신봉점,
1375,광교분식,
1376,더블,
1377,디590,
1378,경양식이화,
1379,린한의원,
1380,경희휴한의원,
1381,산장삼겹,
1382,엘스 골프 아카데미,
1383,유니베라,
1384,퍼스트영어학원,
1385,미소텐동 용인신봉점,
1386,이한스포츠,
1387,지멕스 운동센터,
1388,루,
1389,GS25 동천자이점,
1390,풍덕해장국감자탕,
1391,돈이네김치찌게,
1392,임실엔 치즈피자,
1393,세븐일레븐 수지동천포레나점,
1394,단대도리,
1395,마음스크린골프,
1396,베이직골프스쿨,
1397,청호골송어,
1398,자유롭게,
1399,새하음피아노,
1400,유앤아이기타전문학원,
1401,씨유단대보람점,
1402,세브란스동물병원,
1403,펫스토리동물병원,
1404,차에스테틱,
1405,네일에스,
1406,매취랑 수지구청점,
1407,서행원뷰띠끄,
1408,박성우영어학원,
1409,광교 호수 동물병원,
1410,참누리동물병원,
1411,숲소리 음악교습소,
1412,소유스터디카페 수지성복점,
1413,채민헤어,
1414,독서국어학원,
1415,매쓰플랜수학신봉학원,
1416,동윤반점,
1417,문구방구 수지솔개초점,
1418,스튜디오중앙,
1419,오후2시스튜디오,
1420,핀란디아,
1421,아시안스탠다드,
1422,아이스크림785,
1423,코칭수학학원,
1424,매쓰토리수학학원,
1425,시매쓰수지상현센터학원,
1426,이승란헤어샵,
1427,프린세스 붙임머리,
1428,나원 헤어,
1429,우리동네 아구잔치,
1430,도예카페예현,
1431,뉴욕미치과의원,
1432,원희캐슬골프존,
1433,돈이,
1434,에스피티 엔드리스풀,
1435,다온 점핑다이어트클럽,
1436,더모스트베스킷볼,
1437,빈대떡양과 막걸리군,
1438,삼동소바 고기리동천점,
1439,국어바라국어교습소,
1440,오징어나라,
1441,한킴푸드,
1442,윌리스어학원,
1443,더브릿지어학원,
1444,앤디잉글리쉬학원,
1445,헤어바이제이,
1446,코딩가탐구력학원,
1447,개성손만두 수지점,
1448,두끼떡볶이,
1449,수지농수산유통,
1450,키즈엔리딩 수지진산,
1451,잉글리시에그,
1452,41 네일,
1453,북극해고등어 용인신봉점,
1454,하리,
1455,리틀꼬마김밥 수지구청점,
1456,주담,
1457,신봉피아노포르테음악학원,
1458,투혼복싱,
1459,곽만근갈비탕광교점,
1460,디팝슈가,
1461,힘난다버거 성복점,
1462,안녕 피아노음악교습소,
1463,윈드에듀,
1464,올가스킨,
1465,약손,
1466,우렁각시,
1467,태희스티헤어,
1468,가람헤어,
1469,생마차 수지구청점,
1470,동동집,
1471,대유,
1472,현대세탁소,
1473,학사세탁,
1474,더휴라르고,
1475,전주집,
1476,남매한우곱창,
1477,삼천리자전거 성복점,
1478,안동기름집,
1479,송도갈빗살,
1480,신봉 한방 누룽지 통닭,
1481,이디야 상현마을점,
1482,대학당약국,
1483,지니필라테스,
1484,이루다댄스,
1485,일취월장관리형 스터디카페신봉점,
1486,위블영어학원,
1487,스튜디오3E,
1488,미스터피자 수지점,
1489,포차밤,
1490,청담화랑,
1491,시온인테리어,
1492,김도사불백,
1493,동천석유,
1494,수지씨앤씨미술학원,
1495,참선진녹즙 분당,
1496,마켓무 성복역점,
1497,플럭스 코리아,
1498,신통치킨,
1499,60계 용인수지구청점,
1500,삼성영어셀레나신일삼성영어교습소,
1501,낭만,
1502,광교으뜸정형외과의원,
1503,빵과소금,
1504,그림은역시그림쌤,
1505,용지압안마 힐링센터 안마원,
1506,이디야에스프레소,
1507,요기고기 수지점,
1508,1키로탕수육,
1509,이어당,
1510,베스트마취통증의학과의원,
1511,늘온한의원,
1512,경희약손한의원,
1513,마법수학학원,
1514,마이밤타코,
1515,챌린지스터디카페 수지성복역센터,
1516,메가엠지씨커피 상현역점,
1517,점프스쿨 수지동천센터,
1518,논스탑수학교습소,
1519,프랭크버거 용인동천점,
1520,모두의피부샵 수지상현점,
1521,아이스크림 할인점,
1522,그루치과의원,
1523,꿈이자라는치과의원,
1524,The 대박 떡볶이,
1525,왁자지껄,
1526,넥스트에듀,
1527,카이로스 스터디카페,
1528,에스엠사회교습소,
1529,명품아울렛,
1530,현암고마을교육공동체개방형사회적,
1531,대치동셈수학,
1532,바다횟집,
1533,굿맨남성컷트전문점,
1534,생,
1535,블루쇼파스타,
1536,책통클럽 수지점,
1537,홍대장 소고기집 광교점,
1538,최곱창집,
1539,제이디헤어,
1540,수타5짬뽕,
1541,미들바틀,
1542,제이미스타일,
1543,온새롬독서논술학원,
1544,매쓰피티수학학원,
1545,연세SK치과의원,
1546,프럼투,
1547,진미칼국수,
1548,유앤아이 테니스 아카데미,
1549,리봄음악실,
1550,미키나라,
1551,오유미당광교상현역점,
1552,잼앤클래식음악학원,
1553,참한푸드,
1554,이네스트영어교습소,
1555,바른에어컨청소 필름시공,
1556,막스코 수지,
1557,조앤양품점,
1558,미소야수지풍덕천점,
1559,더테라스,
1560,위듀영어학원,
1561,돌격수학학원,
1562,고센돈까스,
1563,프라임진피아노음악교습소,
1564,까미헤어,
1565,건어물홀릭,
1566,대지한의원,
1567,GS25죽전탄천점,
1568,블루헤어,
1569,리하필라테스,
1570,향리원마라탕,
1571,성원떡집,
1572,헤어스케치,
1573,명동손칼국수,
1574,서울제일내과의원,
1575,죽변항막회,
1576,지금스시,
1577,빽다방 용인죽전점,
1578,꽃보다 마카롱,
1579,유진하나로약국,
1580,정성가득미소치과,
1581,프렌즈 스크린 단대점,
1582,에이스스크린골프,
1583,수지연세음악학원,
1584,소솜치과의원,
1585,미솜헤어,
1586,야키니쿠 천무박,
1587,탭,
1588,힘센영수교실,
1589,룰루랄라작업실 미술교습소,
1590,수지봄봄수학학원,
1591,소다라이팅영어학원,
1592,이룸인재학원,
1593,아너스리그,
1594,위드 잉글리쉬,
1595,싱싱 오징어 바다,
1596,포시즌마트꽃보다간식,
1597,이마트24 동천세차장점,
1598,아나덴 슈가링왁싱 수지성복역점,
1599,토리키치 수지구청역점,
1600,와이제이영어의정원학원,
1601,루카스학원,
1602,투웨이학원,
1603,수지플란트치과의원,
1604,꼬몽스,
1605,스펀지수학 플레이팩토,
1606,건영세탁소,
1607,용인안마지압원1호점,
1608,해피쿠키,
1609,수학당수학학원,
1610,이튼위즈 영어학원,
1611,화인한의원,
1612,아이스캔디 상현공원점,
1613,씨유수지동보삼거리점,
1614,이룸,
1615,차호인정형외과의원,
1616,공릉동 멸치국수,
1617,러브액츄얼리,
1618,역전할머니맥주,
1619,찜 장,
1620,탁사발 두부공방,
1621,플로르 펠리스,
1622,클랩 잉글리시,
1623,주상연 드림 가정의학과의원,
1624,그린트리,
1625,크린토피아 이레성원점,
1626,올가닉스킨앤바디,
1627,동일신봉세탁,
1628,두툼,
1629,트라움뮤직아카데미,
1630,라엘뮤직학원,
1631,광교산한방삼계탕,
1632,지평수학뮤엠영어학원,
1633,컴포즈커피 용인수지성복점,
1634,빙동댕 용인수지점,
1635,카페 플렌티,
1636,울트라커피,
1637,샐러디 동천점,
1638,허원장 성장의원,
1639,파란헤어,
1640,명진카서비스,
1641,미소가담긴치과의원,
1642,래쉬미,
1643,디얼미헤어,
1644,더바디 성복점,
1645,살롱드쿰바야,
1646,노랑통닭 수지구청중앙점,
1647,빨호떡볶이 수지구청점,
1648,나인어클락,
1649,씽크사랑,
1650,디자인어스,
1651,하음필라테스 PT,
1652,옵티머스 빌리어드 수지점,
1653,성찬백반,
1654,무릉도원,
1655,케이앤비체육관,
1656,마음모아 발달센터,
1657,나무컴퓨터,
1658,앤플놀이영어,
1659,용인대일수학교습소,
1660,제네바 필라테스 수지점,
1661,토리송 한식뷔페,
1662,책가옥,
1663,어텀브루,
1664,미지헤어샵,
1665,자이헤어??,
1666,수지웰마취통증의학과의원,
1667,척척정형외과,
1668,와플대학 용인상현캠퍼스,
1669,살롱드영,
1670,우먼스라이프,
1671,하늘바다컴퓨터학원,
1672,오이이핏,
1673,새로핏,
1674,시아북까페,
1675,플레이스130,
1676,나나스킨케어 왁싱,
1677,포항물회 수지점,
1678,예원,
1679,세화공조,
1680,스핀애니만화미술학원,
1681,청우태권도,
1682,르꽁뜨미술학원,
1683,피플디엔에이더랩입시미술학원,
1684,벌가네과일야채,
1685,맑은하늘 음악학원,
1686,세가영에듀센터,
1687,위너영어학원,
1688,드림디포 광교점,
1689,최가네꼬마김밥 죽전점,
1690,용인대꿈나무태권도,
1691,프랑스자수 문화원,
1692,윤선생우리집앞태영영어교습소,
1693,정철주니어죽전어학원,
1694,감미옥,
1695,프라임할인마트 광교점,
1696,한성옥,
1697,기성면옥,
1698,아이비티주니어성복센터학원,
1699,삼성영어수지학원,
1700,매쓰에이수학학원,
1701,파리바게뜨 동천역유타워점,
1702,다미한끼,
1703,이가자헤어비스,
1704,산골막창,
1705,안심뜰미트,
1706,고향정육점,
1707,미트홈 수지지점,
1708,마켓무 죽전점,
1709,두부장수,
1710,곱분이곱창,
1711,쿼카북스,
1712,하나문고,
1713,쿠시노아 수지구청점,
1714,브이아이피외형복원,
1715,미래엔수학수지최상학원,
1716,한우강자,
1717,메종드보떼,
1718,끌림,
1719,초이헤어,
1720,냉골집,
1721,퀸즈수학학원,
1722,신화조,
1723,꿈터수학학원,
1724,현음악교습소,
1725,상현LG음악학원,
1726,잘챙기는최지은국어학원,
1727,긱매쓰수학학원,
1728,헨델피아노교습소,
1729,광교필하모니 음악학원,
1730,바차,
1731,형설국어교습소,
1732,태후사랑죽전점,
1733,행복한 미술교습소,
1734,뮤지끄실용음악학원,
1735,뉴욕음악학원,
1736,면식당 수지구청점,
1737,밤도깨비,
1738,끌레르,
1739,처갓집양념치킨 풍덕천점,
1740,네네치킨 신봉점,
1741,경희대풍천태권도장,
1742,읍천리382수지상현점,
1743,취향마라,
1744,더리터24 수지상현점,
1745,크린토피아 성원롯데점,
1746,현대고급세탁,
1747,아도전기,
1748,스킨스토리,
1749,보란듯,
1750,쌍용세탁소,
1751,국어오름,
1752,원조부안집 수지동천점,
1753,과일사랑,
1754,과일숲,
1755,아마스빈 용인 신봉점,
1756,동그리네 푸줏간,
1757,통영항수산민족 수지구청점,
1758,동천동578,
1759,헤어커플스토리 C.K,
1760,윤선생우리집앞영어수지성복엘지1차공부방,
1761,라온주니어스포츠센터신봉점,
1762,오름수학교습소,
1763,함스에듀학원,
1764,감성숲음악학원,
1765,이선생관리형 스터디카페,
1766,마음과마음정신과의원,
1767,민속전통떡,
1768,미작뷰티수지상현점,
1769,포르테음악학원,
1770,이챕터스동천학원,
1771,스마트잉글리쉬어학원,
1772,금원,
1773,프라임대치수학교습소,
1774,봉급날,
1775,뚜레쥬르,
1776,대박만두분식 수지구청점,
1777,샌드위드,
1778,도그마캣 수지동천점,
1779,갈치왕,
1780,히엘필라테스,
1781,책나무풍덕천독서논술학원,
1782,수지드림안경원,
1783,이마트24 수지이현로점,
1784,신씨네 하우스,
1785,해밀꽃,
1786,경희대한미태권도특공무술,
1787,리프유도체육관,
1788,그루비멍,
1789,일품순두부,
1790,다온헤어,
1791,명문이화교습소,
1792,동천비바체음악학원,
1793,보드게임카페 홈즈앤루팡 수지구청점,
1794,별샵네일,
1795,니유네일,
1796,작당놀잇터,
1797,수지SNPE바른자세척추운동,
1798,카페뜨랑슈아SAY,
1799,고운피부,
1800,우리생활나눔,
1801,오복이해물찜,
1802,별자리다방,
1803,잇츠 홀덤 펍,
1804,고려메디웰의원,
1805,서강흠내과,
1806,방짜하다,
1807,북앤빅뱅수지점,
1808,산막골,
1809,라라헤어,
1810,놀이터,
1811,해맑은소아청소년과의원,
1812,마음마주 무발화 부모교육 통합발달센터,
1813,조이점핑다이어트,
1814,피자마루 용인상현점,
1815,책나무수지동천독서논술학원,
1816,명장시대,
1817,미소찬방,
1818,베이크슈,
1819,원일태권도장,
1820,필라테스 더 룸,
1821,김가네,
1822,아이스박스신봉점,
1823,힐그라스,
1824,시월,
1825,제일가정의원,
1826,헤어담쟁이,
1827,보스톤수지치과,
1828,소망자동차서비스,
1829,SOS성원카서비스,
1830,태평선식,
1831,랠리,
1832,지엔진헤어,
1833,동보세탁소,
1834,우리농산물마트,
1835,품안에태권도장,
1836,동천자연식물원,
1837,제로쿡,
1838,참막참치정육점,
1839,지석공구,
1840,메트로 21,
1841,한솥도시락 죽전건영캐스빌점,
1842,아이 안경원,
1843,몽글아트 미술교습소,
1844,이화앤숙명음악학원,
1845,더빛광교태권도장,
1846,광교팜약국,
1847,새차만들기,
1848,토마스죽전국제학원,
1849,홈마트,
1850,살롱지,
1851,홍선생횟집,
1852,떡그루,
1853,스마트해법수학광교마을45단지점,
1854,자담치킨,
1855,오블리끄,
1856,동천센트럴치과의원,
1857,수지텔레콤,
1858,홍쌤수학교습소,
1859,배넷머리,
1860,더와이즈영어,
1861,링키영어죽전도담점영어교습소,
1862,맘찬김밥,
1863,글아띠독서논술학원,
1864,텐퍼센트커피 광교우미뉴브점,
1865,꼬미네일,
1866,용인대 리드원 태권도장,
1867,삼성래미안학원,
1868,채니네일,
1869,피아노봉봉,
1870,조앤모헤어갤러리,
1871,한지윤피부과,
1872,제로연구소,
1873,등촌샤브칼국수,
1874,상현아크미술학원,
1875,호식당,
1876,죽전편의점,
1877,제니의이너뷰티,
1878,필라테스 호두 수지신봉점,
1879,지공스터디카페 상현점,
1880,네일 지금,
1881,더카원,
1882,효도쿡123 상현점,
1883,파스타마마 죽전점,
1884,쿤스튜디오,
1885,라헨느,
1886,리틀루나미술교습소,
1887,남매양대창,
1888,바바 점핑 다이어트 클럽,
1889,김은영헤어라인,
1890,88제육 수지점,
1891,바닐라 동천,
1892,한울보리밥,
1893,라온스터디카페용인동천점,
1894,고래심줄,
1895,소백산,
1896,홍익모라니미술,
1897,봄아트테라피연구소,
1898,해피트리영어도서관,
1899,공룡영수학원,
1900,발라드림네일,
1901,삼성영어셀레나수지이현학원,
1902,수지 행복플러스 주간보호센터,
1903,크로스핏메이트,
1904,모드니,
1905,육즙 죽전점,
1906,북경옛날짜장,
1907,라이팅피아,
1908,케이작,
1909,벨라네일,
1910,노을헤어,
1911,하움필라테스,
1912,수지탁구교실,
1913,마이너스윙,
1914,진이찬방 죽전점,
1915,가이아펫,
1916,포차 두바이,
1917,버텍스 수지구청점,
1918,한솔병인한의원,
1919,수학의지혜수학교습소,
1920,단대복사,
1921,아뜰리에메이,
1922,앤썸PC카페,
1923,이디야,
1924,장충동가마솥왕족발,
1925,고공수스터디카페 풍덕천동점,
1926,마일스어학원,
1927,수지청과,
1928,윤가족치료연구소,
1929,필라테스 영,
1930,돈기부여 육백퍼,
1931,씨유 수지자이점,
1932,예찬궁,
1933,PRABEAN COFFEE,
1934,부빔밥,
1935,옳치과,
1936,올림독서실,
1937,알럽핑퐁 탁구용품전문 STORE,
1938,찬방찬방,
1939,이마트24수지희망점,
1940,헤어아트,
1941,떡마당,
1942,비법스터디에듀,
1943,정다원,
1944,스티치커피로스터스,
1945,서울믿음치과의원,
1946,만만,
1947,밀머리칼국수 죽전점,
1948,더헤어샵 더블유,
1949,메디서울이비인후과,
1950,비에이치에이복싱짐,
1951,중국성칸풍치킨,
1952,강현학원,
1953,바른서울치과교정과치과의원,
1954,삼정자동차공업사,
1955,용인신봉청담스터디카페,
1956,모꼬지,
1957,수지당구클럽,
1958,한성피아노교습소,
1959,로지헤어,
1960,이화주야간보호센터,
1961,와이비엠잉글루보스턴영어학원,
1962,기장산곰장어,
1963,미진닭도리탕,
1964,노랑통닭 성복역점,
1965,봄강아지,
1966,펀비어킹 수지구청점,
1967,비커밍스튜디오,
1968,로마로,
1969,혼공스터디카페 죽전점,
1970,그린빌 스크린골프,
1971,수지 국수집,
1972,3030영어 용인상현센터,
1973,이호선이비인후과,
1974,씨야 네일,
1975,책통클럽,
1976,콩사돈,
1977,지유명차용인수지점,
1978,백소정 죽전단국대점,
1979,애정화실,
1980,보통카페,
1981,이룸수학학원,
1982,꼬꼬방 집으로 삼겹 용인 1호점,
1983,삼성수치과,
1984,콩스독,
1985,씽크붐붐창의사고력학원,
1986,파로스영어교습소,
1987,이룸프리미엄독서실,
1988,샵루다3호점,
1989,센트럴일층약국,
1990,최서방김밥,
1991,토속상황삼계탕,
1992,파리바게뜨성복힐스테이트점,
1993,수지동물의료원,
1994,메이컬헤어,
1995,씨유 수지동부점,
1996,엠제스트,
1997,구돌씨커피 성복 푸른마을점,
1998,선봉집,
1999,세연세무회계사무소,
2000,예솔피아노,
2001,싸움의고수 광교브릭스톤점,
2002,까르보가든,
2003,배스킨라빈스용인신봉점,
2004,찬샘헤어,
2005,피자헛 신봉점,
2006,오렌즈 광교상현역점,
2007,크린토피아 코인워시 용인수지이편한세상점,
2008,디딤 심리상담센터,
2009,좋은꿈한의원 수지점,
2010,우니따,
2011,GS25S동천역점,
2012,로뎀나무 심리상담연구소,
2013,촌닭숯불바베큐,
2014,큐사랑 수지 신봉점,
2015,에꼴드피아노음악교습소,
2016,에스프레소 아트,
2017,일등축산,
2018,응급실국물떡볶이 용인상현점,
2019,쌈빠찹쌀강정,
2020,담소사골순대광교역점,
2021,조선화로집 용인상현점,
2022,명주,
2023,꼴레뜨,
2024,한국의맛장수촌,
2025,불닭발동대문엽기떡볶이 광교상현역점,
2026,닭장수후라이드,
2027,빽다방 수지성복점,
2028,만나김밥,
2029,웅이네오돌뼈,
2030,대박통신 성복점,
2031,미슐랭겹,
2032,이경자심리상담연구소,
2033,참소리독일보청기,
2034,유현옥림프다이어트 동천점,
2035,홍두깨칼국수,
2036,우리할매떡볶이 동천점,
2037,기영이숯불두마리치킨 용인성복역점,
2038,앤트미용실,
2039,철길부산집광교상현역점,
2040,돈가네수지2호점,
2041,피렌체한바퀴미술학원,
2042,은정축산,
2043,구일구,
2044,트리플에이커피 상현점,
2045,메카헬스짐,
2046,본죽 비빔밥 수지성복점,
2047,태경국어학원,
2048,토텐케이크,
2049,축산11번가,
2050,단미,
2051,아이디케이영어학원,
2052,카이텍수학수지관학원,
2053,센클영어도서관신봉캠퍼스학원,
2054,육식본부정육점,
2055,구노포차,
2056,언제나음악학원,
2057,결HAIR,
2058,언더라운지,
2059,아이스크림스토리 신봉자이,
2060,스마트브릭스학원,
2061,정미현,
2062,민트리온 필라테스 수지점,
2063,메가엠지씨커피 수지상현점,
2064,사운즈오브플랜트,
2065,공차 용인상현역점,
2066,청년다방 수지상현점,
2067,이우탁구클럽,
2068,힐포인트,
2069,혜재헌,
2070,작은어촌,
2071,전주찬방,
2072,와이키사이언스 수지특별관학원,
2073,킹스타피자수지상현점,
2074,아이앤제이 스포츠,
2075,삼성영어탑클래스영어교습소,
2076,소릿길국악학원,
2077,에이치미술학원,
2078,카페뜨랑슈아 용인시가족센터점,
2079,2LFIT 수지신봉점,
2080,엘라입시영어학원,
2081,수학풍경학원,
2082,만리장성,
2083,산약초건강마을,
2084,수지축산,
2085,퀸,
2086,회 바다,
2087,즐거운한우,
2088,애이치 한의원,
2089,크린토피아 현대성우점,
2090,세탁유토피아,
2091,허 뷰티헤어,
2092,더국수,
2093,훌랄라참숯불바베큐,
2094,파이데이,
2095,문구야 놀자 수지성복역점,
2096,리리김밥 위드카페,
2097,예원수학교습소,
2098,수원삼성블루윙즈 수지점,
2099,특별한부엌,
2100,큰맘할매순대국 용인죽전점,
2101,탑글로벌학원,
2102,빈스팩토리,
2103,헤어휠미용실,
2104,즐거운 피아노 교습소,
2105,엘랑 피아노,
2106,바른약국,
2107,7번가피자 수지상현점,
2108,한국파워점핑줄넘기클럽,
2109,죽전카페 핸드드립 카페제로,
2110,문선영어교습소,
2111,데뷰미용실,
2112,맑은샘상담센터,
2113,본죽 신봉초교점,
2114,온누리수지약국,
2115,성복역4번출구약국,
2116,헤어컨셉,
2117,감성쭈꾸미  수지점,
2118,미헤어,
2119,자담치킨 용인동천점,
2120,하루하루 숯불족발,
2121,독산동 부추곱창,
2122,마테플랜수학교습소,
2123,아로마포레스트 수지점,
2124,양권정복싱짐,
2125,진치과의원,
2126,서울S치과,
2127,연세스마트치과,
2128,퍼스트학원,
2129,동천허리우드 당구클럽,
2130,타이어프로상현점,
2131,참 바른 약국,
2132,진부엉이꼬마김밥수지동천점,
2133,상현컴퓨터,
2134,세븐일레븐용인신봉진성점,
2135,나이스가이 죽전점,
2136,에센슈얼헤어드레싱,
2137,어반트랜드죽전점,
2138,코코몰리,
2139,북플러스국어논술학원,
2140,베베포레스트산후조리원용인수지,
2141,짱어랑,
2142,블룸바이민,
2143,마리세실 플라워,
2144,우리모두,
2145,GS25동천현대점,
2146,양양입암막국수,
2147,신봉자이원수학교습소,
2148,라미모모미술학원,
2149,바나나앤디미술학원,
2150,수성당구클럽,
2151,아담만두,
2152,인덕상사,
2153,바른뜸한의원,
2154,에이클래스학원,
2155,브레이니리더스영어교습소,
2156,더쎈수학,
2157,죽전어시장,
2158,순정품배터리할인매장,
2159,수지로얄여행사,
2160,동천화경김밥,
2161,365간장게장,
2162,두부만드는 사람들 용인죽전점,
2163,달빛헤어,
2164,올젠 용인죽전점,
2165,수상한 책방 한스,
2166,즐거운 코딩 학원,
2167,열림수학교습소,
2168,신통치킨동천점,
2169,주누돈까스냉면,
2170,바른 필라테스,
2171,웅비상사,
2172,스마트해법수학삼성4차수학교습소,
2173,박가네명가순두부,
2174,경희가족한의원,
2175,성복역 새봄약국,
2176,플랜트수학교습소,
2177,순족,
2178,병천순대,
2179,아라한의원,
2180,네일쓰담,
2181,수지하나이비인후과의원,
2182,성복이안소아청소년과의원,
2183,선유재한의원,
2184,태영한의원,
2185,유리스피부과의원,
2186,수지속편한내과,
2187,과일어때,
2188,수지복권,
2189,이마트24 수지파크푸르지오점,
2190,국풀기파랑국어학원,
2191,파리바게트 수지만현점,
2192,롱드메이,
2193,컴포즈커피 용인내대지마을점,
2194,족황상제 수지성복점,
2195,타이어테크 분당총판점,
2196,전골의법칙,
2197,생각하는황소수학수지학원,
2198,광교봄빛약국,
2199,광교미소바른치과,
2200,미가온치과의원,
2201,수지오치과,
2202,연세수지아이들치과,
2203,다연뷔페,
2204,정관장 광교신대역점,
2205,청호한약국,
2206,약초사랑건강원,
2207,용인수지동천역점 크린토피아,
2208,파리바게뜨,
2209,안녕 블랑제,
2210,엔제리야,
2211,국어의샘학원,
2212,독일보청기,
2213,에밀리앤제이,
2214,꾸꾸닥,
2215,밝은약국,
2216,메디플러스약국,
2217,우미지산약국,
2218,소림마라 용인수지점,
2219,현대악기,
2220,레이스플라워,
2221,경남크리닝,
2222,포디엘리트영수학원,
2223,친절한안쌤수학학원,
2224,광교상현연세신경외과의원,
2225,수지중앙내과의원,
2226,킹스시,
2227,수지연세정신과의원,
2228,이자카야 렌,
2229,메가엠지씨커피 수지구청역점,
2230,유폴 24시애견셀프목욕 동천점,
2231,피자먹다 동천점,
2232,목우촌,
2233,글라스 뮤지엄,
2234,크린토피아코인워시 용인성복롯데,
2235,스시 1300,
2236,히카리,
2237,카이스트안경원,
2238,일일수작 용인수지구청점,
2239,배스킨라빈스 용인동천점,
2240,바겟뜰,
2241,에스마켓죽전점,
2242,GS25광교산자이점,
2243,싸인잉글리쉬,
2244,우리들피아노교습소,
2245,헤어스켓치,
2246,공치는아이,
2247,에스 스튜디오,
2248,하이밀,
2249,모닝글로리,
2250,라시움죽전어학원,
2251,인생아구찜 수지점,
2252,마니주,
2253,모빌원 죽전점,
2254,공존하개,
2255,러닝플레이스스터디카페,
2256,브리앙뜨,
2257,하이댄스스포츠학원,
2258,바이브왁싱,
2259,방콕태국,
2260,장어독립,
2261,쿠야지감자탕,
2262,달콤카페24죽전점,
2263,미라클 스터디카페 용인수지센터,
2264,수지바우하우스미술학원,
2265,라리리듬스쿨,
2266,캐롤린피아노음악교습소,
2267,마음을그리는아이들미술교습소,
2268,카페 프리헷 광교산힐스점,
2269,리틀피아니스트음악교습소,
2270,올포유 용인수지점,
2271,거상카센타,
2272,맨하탄슈퍼,
2273,딴딴 성복직영점,
2274,미램왕꼬치,
2275,죽전153 바지락쭈칼국수,
2276,아이x아이,
2277,아이스캔디,
2278,죽전언어인지심리센터,
2279,그리고 필라테스,
2280,카펠어학원,
2281,아이엘씨영어,
2282,원할머니보쌈족발 용인죽전배달점,
2283,메가엠지씨커피 용인신봉초사거리점,
2284,원유로스페셜티커피,
2285,배트맨,
2286,달롱도르요거트아이스크림 수지점,
2287,쭌,
2288,만나유학원,
2289,용인수지화훼집하장,
2290,수도권남부서비스,
2291,포슬랑,
2292,노블헤어,
2293,지코바치킨 상현역점,
2294,삼갈,
2295,아이엘피아노교습소,
2296,닭칼국수,
2297,남도집밥,
2298,클럽오렌지,
2299,맘스터치 수지구청역점,
2300,노모어피자 수지구청점,
2301,글로시슈가 앤브로우,
2302,미리본의원,
2303,인더볼,
2304,으뜸50안경 상현점,
2305,레몬미술학원,
2306,손곡태권도,
2307,언어비전학원,
2308,윤콩,
2309,파이널 스포츠,
2310,아소비 성복스위첸점,
2311,이삭토스트 단대점,
2312,대왕골,
2313,수지명찰,
2314,플라세르,
2315,최강수학학원,
2316,이젠영어학원,
2317,서수지요양원,
2318,크린토피아 용인상현점,
2319,빨래쟁이,
2320,미아뜨의원,
2321,최원석유에스준의원,
2322,전략영어학원,
2323,풀오브어스 수지구청점,
2324,이차돌 용인수지구청점,
2325,대성카센타,
2326,공감모터스,
2327,자동차사랑방,
2328,동천현대자동차공업사,
2329,이디야커피 광교상현역점,
2330,예음바이올린교습소,
2331,목동조쌤영어학원,
2332,보스토니안 커피,
2333,카페이층,
2334,아포에르카페,
2335,파리바게뜨 신봉초교점,
2336,파슷타애요 용인죽전점,
2337,뻥튀기공작소,
2338,마리떡집,
2339,동천떡방앗간,
2340,샐러데이즈 수지신봉점,
2341,로뎀나무,
2342,로즈,
2343,드림디포 수지점,
2344,레드썬수지상현점,
2345,네일바이안,
2346,운동에 반하다 신봉점,
2347,등촌샤브칼국수 수지구청점,
2348,서가스시,
2349,우지커피 수지상현점,
2350,드림유통,
2351,한우리 축산,
2352,리드인독서논술시온에듀학원,
2353,바른청과,
2354,유앤항메디칼,
2355,토담옛날통닭 성복점,
2356,닭강정집,
2357,세븐일레븐용인풍덕천본점,
2358,미지인터네셔널,
2359,세븐일레븐수지성원점,
2360,으뜸50안경수지구청점,
2361,아씨닭발,
2362,오백국수,
2363,창논술교습소,
2364,죽전자동차정비센타,
2365,제이케이짐,
2366,땅스부대찌개,
2367,수지 패밀리 스튜디오,
2368,온누리치과,
2369,카페 동글,
2370,샘치과의원,
2371,광교장내과,
2372,포맨미용실,
2373,크린토피아 신봉점,
2374,명품갤러리,
2375,주포차,
2376,오늘수학학원,
2377,여우뷰티,
2378,카페레드체리,
2379,내가찜한닭,
2380,지담영어교습소,
2381,조이플로르,
2382,엘리트 아카데미,
2383,에스겔수학교습소,
2384,솔티브라운,
2385,지코바 죽전1호점,
2386,올리브,
2387,세븐일레븐 광교산아이파크점,
2388,에듀플렉스에듀코치개별지도상,
2389,성복잉글리시아이,
2390,윤치과의원,
2391,한양음악학원,
2392,오닭꼬치 광교상현점,
2393,유소미 김밥,
2394,수지퍼스트내과의원,
2395,히스토리아큐브학원,
2396,러쉬헤어,
2397,24시무인카페만월경 고웅점,
2398,상아치과의원,
2399,삼첩분식 죽전점,
2400,돈가네옛날김치돼지찌개,
2401,탑플러스 수학학원,
2402,베리 굿 마켓,
2403,슈퍼키친 용인수지점,
2404,서울안과의원,
2405,노블골프아카데미,
2406,미미언니,
2407,비비큐 상현중앙점,
2408,버블스토리,
2409,에이케이,
2410,스완뷰티,
2411,다나아약국,
2412,케이크런웨이,
2413,이앤피학원,
2414,차쌤수학,
2415,무브먼트 사이언스,
2416,애니타임 수지동천점,
2417,더벤티,
2418,닭나무집 수지성복점,
2419,김민찬본수학학원,
2420,리아르떼 헤어스튜디오,
2421,그린테이블,
2422,르노코리아자동차 서비스코너 죽전점,
2423,맥스노래방,
2424,토리헤어 광교신도시점,
2425,도담필라테스,
2426,식사준비 수지동천점,
2427,그린치과,
2428,마인인테리어 카페,
2429,셀메드 한사랑약국,
2430,철뚝집 수지성복점,
2431,싸움의고수수지동천점,
2432,안다미로,
2433,마라이트,
2434,유니크헤어,
2435,이마트24 수지래미안점,
2436,문구 방구 죽전점,
2437,상현에듀플렉스심리상담연구소,
2438,광교퀸즈헤나헤어샵,
2439,상현스크린골프존,
2440,고요헤드스파앤컬러,
2441,란다랑 포차,
2442,Bonitany,
2443,화로상회 죽전1호점,
2444,24시무인카페 커피몽키 신봉점,
2445,삼성영어셀레나미래엔수학수지상현학원,
2446,용인죽전점감성실용음악학원,
2447,머스트 브론즈,
2448,국어종가,
2449,대학약국,
2450,한솔서적,
2451,잉크레더블어학원,
2452,한마음정육식당,
2453,보라,
2454,세이,
2455,아소비공부방죽전점,
2456,차재완 커튼블라인드,
2457,바디턴골프아카데미,
2458,에트디헤어,
2459,다같이음악여행실용음악학원,
2460,우리들치과의원,
2461,상현서울치과,
2462,은거래 시계수리점,
2463,별별온이 미술학원,
2464,아소음악학원,
2465,수지수학사랑학원,
2466,수지 민철카,
2467,예뻐지자 스킨앤바디,
2468,더벤티 용인죽전점,
2469,풋풋,
2470,매쓰파이 수학학원,
2471,두루요가스튜디오,
2472,수지성복데이파크점해법수학교,
2473,오카츠,
2474,역북집 동천점,
2475,문구야놀자 수지상현점,
2476,광릉촌,
2477,영스피릿뮤지컬학원,
2478,GS25S상현역점,
2479,웰케어동부지사,
2480,헬키푸키 수지구청점,
2481,한성자동차공업사,
2482,빅피쉬미술학원,
2483,아이스박스  수지구청점,
2484,살롱드슈,
2485,미존떡볶이,
2486,에이스동물병원,
2487,봄날실버요양원,
2488,슐츠,
2489,엉클파닭,
2490,이엠수학학원,
2491,도서출판600K,
2492,본도시락 수지성복역점,
2493,오늘된장,
2494,탑스크린골프,
2495,소담,
2496,신성 태권도장,
2497,바니피아노음악교습소,
2498,페르마타,
2499,프로방스,
2500,네일영,
2501,국가대표복싱,
2502,예일피아노,
2503,크린토피아 광교역점,
2504,컴프링크,
2505,크리드PC 광교점,
2506,그림퐁당,
2507,수학미소,
2508,에듀코치개별지도신봉학원,
2509,브로우 301,
2510,마론,
2511,과일에반하다프루타 수지점,
2512,새봄수학학원,
2513,냐옹잉글리쉬영어교습소,
2514,청담스킨앤바디,
2515,리,
2516,연세말자람언어연구소,
2517,알리르마리,
2518,천향마라탕,
2519,마인드몽 유치원,
2520,금호세차장,
2521,리틀링고,
2522,오렌즈안경원수지점,
2523,글라스안경,
2524,안심축산판매점,
2525,롤리폴리풍덕천점,
2526,바른치킨 동천자이점,
2527,사조참치,
2528,성복골남원추어탕,
2529,신봉스크린골프,
2530,씨엘리또 린도,
2531,고려가정의원,
2532,처갓집양념치킨 동천점,
2533,토이토이토이,
2534,마일드블랙,
2535,아이스박스,
2536,미소 흑백사진관,
2537,헤르만스튜디오,
2538,디딤24,
2539,J스크린골프,
2540,헬스보이짐 골프인 신봉점,
2541,위너휘트니스 수지점,
2542,구떼,
2543,코리아에듀테인먼트,
2544,24시 무인카페 만월경 동천자이점,
2545,헤어플레이,
2546,올댓북도서영어교습소,
2547,골프존파크 보정 지젤스크린,
2548,유리드믹스피아노학원,
2549,회사가고싶은날,
2550,아이스박스 상현마을점,
2551,리드인신봉초중점학원,
2552,카페 소락,
2553,마실커피,
2554,예스카페,
2555,그린뜨게방,
2556,프로스펙스 죽전점,
2557,아기숟가락용인점,
2558,성원인테리어,
2559,GS25수지상현로점,
2560,헤어센스,
2561,신봉파머스영어학원,
2562,엠티비스카이,
2563,역전우동0410 죽전단대점,
2564,죽이야기동천점,
2565,회무침마을,
2566,화로양미,
2567,더피크닉 광교상현점,
2568,반올림피자샵수지점,
2569,선후합기도,
2570,수원통큰숯불화로갈비,
2571,정동물병원,
2572,이소커피,
2573,맛의전쟁,
2574,잉꼬식당,
2575,영지칼국수,
2576,본설렁탕 수지상현점,
2577,이마트24 죽전예스병원,
2578,라쁠뤼벨 본점,
2579,엘린헤어,
2580,세진공구철물,
2581,이스트플러스,
2582,마리하우스,
2583,스트레칭바이엔젤,
2584,삼성영어 신봉영어교습소,
2585,송 바이올린교습소,
2586,맥미술학원,
2587,분당죽전 씨앤씨미술학원,
2588,아델음악학원,
2589,감자네감자탕,
2590,아트빈미술교습소,
2591,이안디자인,
2592,씨유풍덕천주유소점,
2593,버니스영어교습소,
2594,이모네국수,
2595,후레쉬정육점,
2596,낙원떡집,
2597,큐사랑,
2598,101헤어살롱,
2599,수지아산내과의원,
2600,별당키친,
2601,멋GYM태권도,
2602,레푸스 죽전새터점,
2603,좋은 축산마을,
2604,잉글리쉬무무제2학습관학원,
2605,레이첼영어학원,
2606,수지우리약국,
2607,상록자이영어교실,
2608,봄아트미술교습소,
2609,문향,
2610,콘서트노래연습장,
2611,감탄,
2612,발렌티나 필라테스,
2613,행컵 수지구청점,
2614,더크라운커피랩,
2615,브릿지커피,
2616,로가든,
2617,로와스터디카페 성복점,
2618,가꾸는동안모공세척진피테라피,
2619,리드앤톡영어도서관어학원,
2620,자연외국어학원,
2621,담소소사골순대육개장 수지구청점,
2622,떡빚는아침에,
2623,짱탁구장 수지점,
2624,크리아트죽전미술학원,
2625,원티드,
2626,삼촌네떡카페,
2627,하이탑비뇨기과의원,
2628,빠니깔레,
2629,레떼,
2630,플랜비,
2631,라쿵푸마라탕 수지점,
2632,에소코핏 용인수지점,
2633,늘봄 동물병원,
2634,어울림동물병원,
2635,경성찹쌀꽈배기,
2636,민영활어공장 수지점,
2637,이삭,
2638,한스포토스튜디오,
2639,브레인밸런스,
2640,소울엔공방,
2641,물고기자리,
2642,라임,
2643,알마미아,
2644,세븐일레븐 용인수지벽산점,
2645,유월의보름달,
2646,모두의점핑,
2647,내돼지족발보쌈,
2648,성복세차장,
2649,매티아,
2650,행복이가득한집,
2651,현피아노교습소,
2652,리오헤어,
2653,지니필라테스평생교육원,
2654,카이스트학원,
2655,김종찬수학전문학원,
2656,플레이팩토놀이교실,
2657,카페 드 리옹 수지점,
2658,성복동,
2659,엠에스에스 플라워스튜디오,
2660,인생역전,
2661,속초포장전문점,
2662,블럭제빵소 수지구청점,
2663,라 치아바타,
2664,로와스터디카페,
2665,씨유수지파크점,
2666,내복곰과자점,
2667,삼성영어토월영어교습소,
2668,온더데스크수지독서실,
2669,수지이연수학학원,
2670,GL영어학원,
2671,바닐라 동천 이스트팰리스,
2672,푸라닭용인성복점,
2673,빌리지연세치과의원,
2674,행복아이심리상담센터,
2675,발레쥬학원,
2676,퍼펙트복싱짐,
2677,용인대석사한울태권도,
2678,용인대대일태권도장,
2679,블루밍와인,
2680,우상화로구이 수지구청점,
2681,도우도우 커피,
2682,아이스크림 가게 동천점,
2683,위고잉글리쉬학원,
2684,이화뮤직피아노교습소,
2685,아델헤어,
2686,나현희미장,
2687,소수,
2688,명륜진사갈비 수지구청점,
2689,수학준수학학원,
2690,비앤비 잉글리시,
2691,크레센도음악학원,
2692,사랑이가득한치과,
2693,서울미건치과의원,
2694,바로봄치과의원,
2695,스맥스 오케이 인라인닷컴,
2696,컴포즈커피 용인상현원희캐슬점,
2697,점프스쿨 상현센터,
2698,수지사랑내과의원,
2699,신봉한우리도서,
2700,맑은맘심리상담센터,
2701,홍언니가게,
2702,금호마트,
2703,유알에스학원,
2704,쉐마아트클래스학원,
2705,풍덕천주니어비미술학원,
2706,수지도미넌트음악학원,
2707,역전우동광교상현점,
2708,와이블랙 수지구청점,
2709,푸른꿈공동체그린나래,
2710,진일,
2711,수클,
2712,바디힐링,
2713,핸즈온잉글리쉬어학원,
2714,아일랜드15,
2715,광교산장,
2716,긱스타 PC CAFE,
2717,아이스크림785 극동임광점,
2718,아티초크스튜디오,
2719,스무살봄의원,
2720,수지드림안과,
2721,정직유부 수지점,
2722,플레이팩토 수지초 교육원,
2723,옛날통닭,
2724,네네치킨,
2725,처갓집양념치킨 죽전점,
2726,상현 파머스 어학원,
2727,더클라스,
2728,수학의샘학원,
2729,성복퍼스트정형외과의원,
2730,수지드림불한증막,
2731,피스메이커상담센터,
2732,앙띠끄,
2733,누리타운,
2734,커브스 풍덕천클럽,
2735,점핑앤핏,
2736,추실,
2737,수지힘찬한의원,
2738,수지 N 탁,
2739,슈퍼킹 마켓 3호점,
2740,본설렁탕,
2741,카이로스 독서실,
2742,아트트리미술교습소,
2743,용인대국가대표태권도장,
2744,현대건어물,
2745,마님회 도매센터,
2746,봄소아청소년과의원,
2747,클라스웰정형외과의원,
2748,좋은계란할인점,
2749,얄리스,
2750,미금정,
2751,허브앤바움,
2752,잇츠스타컴퓨터교습소,
2753,제이플라워카페,
2754,2에이치헤어,
2755,본죽 비빔밥 용인죽전사거리점,
2756,전주식당,
2757,메가엠지씨커피죽전중앙점,
2758,해다올뜰,
2759,강선생건강센터,
2760,리드인 논술 교습소,
2761,필리아약국,
2762,카페 가다,
2763,김민헤어살롱,
2764,루미콘,
2765,용인대청룡태권도장,
2766,탑원퍼센트영어학원,
2767,크라우드PC 용인 상현점,
2768,다옴수학학원,
2769,타이어프로 상현점,
2770,리드인 독서논술 동천학원,
2771,놀작 아틀리에 브리오미술교습소,
2772,정문사,
2773,아름다운세상,
2774,닥터모락 수지성복역점,
2775,나의근육사용설명서 신봉점,
2776,스와트 체대입시,
2777,진두부,
2778,임쌤수학교습소,
2779,피터소아청소년과의원,
2780,우리집닭강정,
2781,더진국 수지구청점,
2782,코코썬,
2783,오로르,
2784,양가네푸드 죽전점,
2785,수지에듀플렉스심리상담연구소,
2786,샘물죽전수지가맹점,
2787,하움 필라테스,
2788,요엘필라테스,
2789,피자스쿨오리역벽산점,
2790,프렌즈스크린 고기동,
2791,헤어쇼,
2792,히어로애니CG디지털드로잉캐릭터일러스트학원,
2793,곽정아산부인과,
2794,신정순뷰티클럽,
2795,씨유수지만현점,
2796,성복역 약국,
2797,이화명문약국,
2798,김밥천국,
2799,내고향닭갈비 닭발,
2800,별별문방구,
2801,물꼬기미술,
2802,프로퍼에듀,
2803,참사랑치과의원,
2804,미야즈,
2805,반올림피자 죽전오리점,
2806,피터잉글리쉬어학원,
2807,세탁이 좋다,
2808,해피트리기술학원,
2809,디앤조경,
2810,죽전2 에듀플렉스 심리상담연구소,
2811,고기리금잔디,
2812,대경철물,
2813,쭈꾸미 일당백,
2814,막내딸집건어물 용인수지점,
2815,일프로점핑,
2816,금강세탁소,
2817,워시테리아수지신봉,
2818,드림디포 수지동천점,
2819,무스메코,
2820,에이샹번지피지오,
2821,벨라지오,
2822,강남원김치찜 수지구청점,
2823,대한민국만세삼계탕,
2824,크린토피아 성복프라자점,
2825,반도세탁,
2826,정아니의불타는여고24시떡볶이,
2827,힘난다버거 용인상현점,
2828,현대삼일자동차공업사,
2829,미래카센타,
2830,화이트미용실,
2831,족발야시장 수지상현점,
2832,장땡해장국,
2833,요거트아이스크림의 정석 죽전단국대점,
2834,고향손칼국수,
2835,위너스 골프존,
2836,필라테스의 온도,
2837,라움메이크업,
2838,리드앤톡수지구청 풍덕천2센터,
2839,잠언의료기 수지지점,
2840,오늘부터수학학원,
2841,강의하는아이들수지신봉학원,
2842,깐부치킨,
2843,위너스골프존,
2844,광교골프연습장,
2845,드림골프연습장,
2846,나음한의원,
2847,유림한의원,
2848,고래수학학원,
2849,홍익스케치,
2850,하이윤영어,
2851,다온심리언어발달센터,
2852,더조은교정센터,
2853,블루문스터디카페 수지구청점,
2854,성모Y마취통증의학과의원,
2855,호호한의원,
2856,보네아트 미술학원,
2857,로이요가EMS센터 수지죽전점,
2858,땅땅치킨 풍덕천점,
2859,김상현마취통증의학과의원,
2860,맑은신경과의원,
2861,퀸헤어,
2862,보이투맨,
2863,코리아 베이스볼 야구아카데미,
2864,베를린국제음악학원,
2865,고인돌돌판구이,
2866,깊은생각국어학원,
2867,포투원영재코딩학원,
2868,씨유수지편한세상점,
2869,백프로국어,
2870,라움바이올린교습소,
2871,에끌로미,
2872,상록자이수학교실,
2873,리드인정독국어논술학원,
2874,이름논술교습소,
2875,페리카나죽전점,
2876,버터그램,
2877,코다리덕장 용인신봉점,
2878,청년다방수지구청역점,
2879,달궁정원,
2880,황금코다리,
2881,나이스가이 상현역점,
2882,연세수내과의원,
2883,상현연세내과의원,
2884,콜린스영어전문학원,
2885,비어웍스,
2886,돈마나,
2887,유니모바일,
2888,그린모바일2호점,
2889,헤르바플로리스트공예학원,
2890,꼬마피카소미술교습소,
2891,삼성영어대현영어교습소,
2892,팥이랑 밀이랑,
2893,피아노칸토음학학원,
2894,카밀라 플라워,
2895,little mong,
2896,이승향음악학원,
2897,주몽동명,
2898,양푼이,
2899,윤수학교습소,
2900,더헤어샵,
2901,앗싸아이스크림 할인점,
2902,하얀세탁소,
2903,클라리넷소나타음악학원,
2904,플레이팩토수학교습소,
2905,숲속식탁,
2906,대추나무한의원,
2907,대지스파랜드,
2908,현가네김밥,
2909,만천하횟집,
2910,조스트,
2911,보스턴미치과의원,
2912,수지수족관,
2913,이서감자탕,
2914,미래축산,
2915,홍성광천한우직판장,
2916,상상열기 사각사각미술학원,
2917,클래시안,
2918,파인트리뮤직아카데미학원,
2919,스파나무광교상현점,
2920,권민영,
2921,유에이스어학원,
2922,감각 이루다,
2923,연희헤어,
2924,살롱하루,
2925,이랑사랑치과의원,
2926,휘트니스캠프,
2927,고봉민김밥인 용인동천점,
2928,피자헛용인수지점,
2929,윤우재 고기리 샤브 칼국수,
2930,광교빌리지골프,
2931,HM현민수학학원,
2932,명동이발관,
2933,쿠쿠수지점,
2934,수,
2935,레브진헤어,
2936,힐링,
2937,숲속마을 아이스크림,
2938,커마헤어,
2939,아이콘골프연습장,
2940,연합치과,
2941,네일고,
2942,보라리드인영수학원,
2943,리아음악교습소,
2944,컴포즈커피 용인새터마을점,
2945,호앙비엣 수지점,
2946,예종음악연습실,
2947,일등플란트치과의원,
2948,서울성복치과의원,
2949,굿모닝보청기용인광교센터,
2950,불쭈꾸미와 꼼장어,
2951,유박사곱창,
2952,상현손세차장,
2953,우주수학국어학원,
2954,나의한의원,
2955,나무한의원,
2956,경희보라한의원,
2957,마임,
2958,메이저당구클럽,
2959,상현메디칼약국,
2960,성원칸타빌레음악학원,
2961,차원이다른수학학원,
2962,수어재 국어학원,
2963,호호닭발,
2964,더 식탁,
2965,미쏠레음악학원,
2966,뺑오르방,
2967,유영일내과의원,
2968,이현음악학원,
2969,광교1번약국,
2970,열린온누리약국,
2971,하나치과,
2972,미소지음치과의원,
2973,김정욱국어논술학원,
2974,에듀코치 개별지도 동천학원,
2975,한우축산물직판장,
2976,조이뮤직실용음악학원,
2977,플레이앤뮤직,
2978,뮤라벨성인전문음악학원,
2979,브엘음악학원,
2980,맥주창고,
2981,와드커피용인죽전점,
2982,홈케어넷,
2983,죽전생갈비,
2984,이든부띠끄,
2985,로하스PC방,
2986,이마트24 수지신봉점,
2987,리스영어학원,
2988,대치수학학원,
2989,수헤어,
2990,바나헤어,
2991,성복상쾌한이비인후과,
2992,성복온누리약국,
2993,파블리,
2994,피부조화,
2995,쁘띠엘,
2996,가온스터디카페,
2997,센스,
2998,열두평,
2999,어죽,
3000,라온무용학원,
3001,장형화음악학원,
3002,발라레무용학원,
3003,수지큐,
3004,복정아구해물,
3005,안천건재상사,
3006,젤라또 무초,
3007,수빈약국,
3008,보아스에스테틱,
3009,보나에네일,
3010,더맥,
3011,아가페헤어,
3012,디쎄,
3013,들꽃가마솥곰탕,
3014,엠투엠 피트니스 수지점,
3015,팀제이짐,
3016,낙지장날,
3017,풍천수산,
3018,뉘엇,
3019,쁘렝땅,
3020,영순이네포차,
3021,올디브헤어,
3022,사랑채덕,
3023,우꿉당,
3024,구이구이쪽갈비 수지동천점,
3025,3.3삼겹살,
3026,헤어1740,
3027,칭마오,
3028,헤어피아,
3029,작은창 큰풍경,
3030,보정낙지,
3031,긴자료코 광교점,
3032,이엔에듀케이션,
3033,세상열기그림이야기미술학원,
3034,품바노래방,
3035,해논미역 경기도직영본점,
3036,민턴프라자,
3037,투달러커피상현역점,
3038,수지대한논리정속독학원,
3039,세탁명가,
3040,채다올김밥 수지점,
3041,유진헤어,
3042,조이앤골프,
3043,엄마손칼국수,
3044,빙달 분당수지점,
3045,힐링당구클럽,
3046,대지당구클럽,
3047,튼튼영어,
3048,으뜸50안경 용인죽전점,
3049,전통떡고을,
3050,경희태동한의원,
3051,숨쉬는한의원,
3052,별들의 숲 수학학원,
3053,아르몽드,
3054,923,
3055,시크릿에듀,
3056,도우도우,
3057,스위티떡케이크,
3058,신나는점핑다이어트,
3059,괜찮은버섯샤브칼국수,
3060,엽전식당,
3061,왓수다,
3062,로즈앤그라운드 연기학원,
3063,죽전파크빌세탁소,
3064,리윰필라테스 성복점 평생교육원,
3065,345 헤어살롱,
3066,부산이가돼지국밥,
3067,아이비노래연습장,
3068,즐거운노래연습장,
3069,나루터철물건재,
3070,만스브레드,
3071,정갈한반찬,
3072,스터디카페 공부인 수지구청센터,
3073,깡우동용인수지구청점,
3074,세하헤어,
3075,신봉한의원,
3076,봄피아노음악학원,
3077,죽전모터스,
3078,수원서서갈비,
3079,수지갈비,
3080,이마트24 용인성복점,
3081,스터디 까페,
3082,송은요양보호사교육원,
3083,한섬정신건강의학과,
3084,리본산부인과의원,
3085,동천분식,
3086,클라라발레학원,
3087,더로얄펫 본점,
3088,프라임애견,
3089,리딩비영어독서학원,
3090,샐러디수지구청역점,
3091,옹고집,
3092,딱이야,
3093,이센셜영어학원,
3094,딱풀리는수학 수지초점,
3095,스튜디오수지,
3096,고기리 만선호,
3097,대광문고,
3098,글로링크어시스턴스,
3099,마마쿡 성복점,
3100,세븐일레븐 수지아카데미점,
3101,리플랜관리형학습센터원격학원,
3102,로스트 치킨,
3103,조윤정헤어갤러리,
3104,모로우헤어,
3105,온더데스크,
3106,차효경에스테틱,
3107,삼성영수학원,
3108,사메아 학원,
3109,부리또 정거장,
3110,블랑제리디종,
3111,아이키친 수지점,
3112,아미가PC,
3113,슈에뜨헤어,
3114,리안헤어 성복느티나무점,
3115,궁중떡방,
3116,책읽는루브르아뜰리에수지성복센터미술교습소,
3117,요가해보리,
3118,동천힘수학학원,
3119,혜주랑,
3120,팔각도 용인수지구청점,
3121,신전떡볶이 수지구청점,
3122,어장,
3123,봄날안경원,
3124,뷰티코어,
3125,동천골프클럽,
3126,이룸영어학원,
3127,닥터정이클래스학원,
3128,미소패션,
3129,몰입본능관리형2호점독서실,
3130,제이비스포츠,
3131,아이패밀리안경신봉점,
3132,미르안경,
3133,아이맥스 안경,
3134,요거트가족 수지점,
3135,세무사정승택사무소,
3136,펫키트 용인수지점,
3137,리멤버,
3138,호치킨동천점,
3139,미래엔수학 한빛직영학원,
3140,더피트니스케이2호점,
3141,달맞이로63,
3142,단지국수집,
3143,라라랜드 음악학원,
3144,앨라영어,
3145,상현서예한문학원,
3146,벨르몽드독서토론학원,
3147,아름약국,
3148,원희온누리약국,
3149,수지위더스영어학원,
3150,동천집,
3151,위니아24크린샵 용인죽전벽산점,
3152,씨드바이북,
3153,카페37 5수지성복점,
3154,노가리비어,
3155,제이피아노음악교습소,
3156,분트쿤스트슐레수지미술학원,
3157,선영이네김치짜글이전문점,
3158,뜸들이다 광교상현역점,
3159,도도PC,
3160,한성한우촌마을,
3161,에스떼로와,
3162,아뜰리에 클레어,
3163,슈퍼키친 용인동천점,
3164,21세기 플라워,
3165,토마토 골프존파크,
3166,행복한골프연습장,
3167,로타커피,
3168,브레인사고력,
3169,올뷰티,
3170,펀비어킹 수지롯데몰점,
3171,클럽제이의원,
3172,정앤박수학학원,
3173,웰빙인테리어,
3174,빈스커피 수지점,
3175,연세메디웰내과,
3176,주니아티스트실용음악학원,
3177,유니팝미술교습소,
3178,소표국수용인상현점,
3179,아장아장,
3180,불닭발땡초동대문엽기떡볶이 용인신봉점,
3181,밝은세상안경원,
3182,선미포차,
3183,아이플라워,
3184,히어로즈키즈펀태권도장,
3185,투썸플레이스 용인신봉점,
3186,우연히들린실용음악교습소,
3187,든든약국,
3188,미소약국,
3189,아템프토학원,
3190,금수강산 아리랑,
3191,그리들피자,
3192,달콤네일,
3193,러블린네일,
3194,얼라인에스테틱,
3195,요거트아이스크림의 정석,
3196,은하수문고,
3197,서울삼성치과교정과치과의원,
3198,휴플러스치과,
3199,더가든헤어,
3200,리안헤어풍덕천점,
3201,지유헤어,
3202,리움,
3203,제이드네일스튜디오,
3204,나무네일샵,
3205,연수우리들약국,
3206,헤르메스 사층당구,
3207,킹당구장,
3208,용인토종순대국,
3209,우리아이영어어학원,
3210,써니힐스 영어,
3211,지엘영어도서관수지학원,
3212,샌드 먼치,
3213,노브랜드버거 상현역점,
3214,오드리,
3215,수지구청점 멘토즈스터디카페,
3216,헤어인,
3217,미래엔영어수지조이점영어교습소,
3218,멜로우네일,
3219,담꾹 용인상현마을점,
3220,순창떡볶이,
3221,투썸플레이스 수지외식타운점,
3222,안선생토론논술교습소,
3223,케이앤케이영어학원,
3224,도원유리,
3225,행복한소아청소년과,
3226,정현우 수학,
3227,씨유수지현대점,
3228,더클래스스터디카페,
3229,아이스크림 나라,
3230,수지베스트내과의원,
3231,대성오토랜드,
3232,60계 경기죽전점,
3233,더 이룸안경,
3234,갈라파꼬치,
3235,플러스 크리닝,
3236,스시황,
3237,꽁블떡케익,
3238,뿌리깊은나무태권도장,
3239,타이혼 스포츠 아카데미,
3240,퍼스트천무태권도장,
3241,경희대석사왕호태권도장,
3242,작품세계미술학원,
3243,파워밧데리,
3244,홍탕,
3245,강정이닭 수지구청점,
3246,알파문구 성복점,
3247,휘게소,
3248,너는 꽃,
3249,수피아헤어,
3250,크레인랩어학원,
3251,메가엠지씨커피 용인풍덕천점,
3252,어바웃클라리넷교습소,
3253,피오미술교습소,
3254,오토김밥 용인성복점,
3255,신봉행운스토아,
3256,깃든헤어,
3257,스시백과,
3258,하선생수학학원,
3259,하늘빛약국,
3260,연두약국,
3261,수지민들레 한약국,
3262,디저트밀,
3263,산촌신쭈꾸미용인수지점,
3264,피자먹다 수지점,
3265,청담한의원,
3266,경희도담한의원,
3267,올리브한의원,
3268,부연고을,
3269,성안의원,
3270,에이스홈시스템,
3271,갤러리옷수선,
3272,페퍼민트 패티,
3273,서울샤인동물병원,
3274,자이침구,
3275,테레오라이프,
3276,서진스포츠,
3277,호호소아청소년과의원,
3278,김치빌리아드 수지,
3279,수지곱창,
3280,은성,
3281,영계소문,
3282,미꾸리마을추어탕,
3283,쏘깔로,
3284,맑은샘약국,
3285,한성한우촌,
3286,브릭스톤베이커리,
3287,원 스포츠,
3288,국제 임상 재활연구소,
3289,이엠세탁화이트,
3290,박상미헤어살롱,
3291,글랑그디,
3292,리버헤어,
3293,고담가든,
3294,감탄샌드위치,
3295,복시루떡집,
3296,크린토피아 용인수지이스트파크점,
3297,정세탁소,
3298,보노헤어,
3299,종로떡방앗간,
3300,비비큐,
3301,서울경희한의원,
3302,두산세탁소,
3303,닐리비스트로,
3304,어부상회,
3305,갈속집,
3306,자작나무,
3307,아르지오,
3308,도담약국,
3309,꽃피는봄이오면,
3310,가온헤어,
3311,북경반점,
3312,네일박스,
3313,선피부비뇨기과,
3314,위드준소아청소년과의원,
3315,반석정형외과,
3316,진품정육점,
3317,새맛찬반찬,
3318,오월다방,
3319,예촌왕돌판구이,
3320,살롱드보라,
3321,아이얌 키즈쿠킹 스튜디오,
3322,리틀상상공작소미술교습소,
3323,나래피아노교습소,
3324,네일 리므,
3325,북타워영어문화도서관수지학원,
3326,제시뉴욕,
3327,오늘먹태,
3328,더플로라 에스테틱,
3329,이디야 신봉초교점,
3330,백설떡방,
3331,대치동떡방,
3332,셰프PC 상현점,
3333,마이라넌,
3334,비전모터스,
3335,피네,
3336,다락다락방카페,
3337,카페 드 라팡,
3338,앤유PC방,
3339,시우모바일 동천점,
3340,김준다올헤어,
3341,아이스짱,
3342,오늘우리집반찬,
3343,나무약국,
3344,비비아틀리에 미술학원,
3345,테바나카 오또상 성복역점,
3346,경희대무경태권도장,
3347,수지순대국,
3348,르네상스 카페,
3349,달구지,
3350,베어스타코 용인성복점,
3351,봄이핀다,
3352,위대한탄생영어학원,
3353,책나무수지상현독서논술학원,
3354,수강한의원,
3355,현치과의원,
3356,생각나무치과의원,
3357,한솥도시락 동천역 U타워점,
3358,BCBG 죽전상설점,
3359,수지샤르망오피스텔관리단,
3360,코코호도수지점,
3361,창조,
3362,프렌즈아카데미죽전,
3363,문라잇크로스핏,
3364,참숯막창,
3365,육감만족,
3366,쎈텐,
3367,에이드짐,
3368,리틀쇼팽음악학원,
3369,윤짐,
3370,스터디헌터,
3371,풍천민물장어직판장,
3372,아라쭈꾸미,
3373,피자알볼로 수지상현점,
3374,와우골프,
3375,배스킨라빈스용인성복점,
3376,스마트학생복수지점,
3377,연세예본치과,
3378,수지연세 심리발달센터,
3379,모유육아 상담실,
3380,얼음왕국 죽전수지벽산타운점,
3381,개인과외,
3382,무지개일본어 중국어학원,
3383,폰뎀킨트어학원,
3384,골프존파크 죽전점365,
3385,스윗모먼트,
3386,우시륵,
3387,백채김치찌개 광교상현점,
3388,스파오라스칼프 수지점,
3389,명가이헤어샵,
3390,더쉐프,
3391,초밥 본스시,
3392,조선닭볶음탕,
3393,GS25수지성복점,
3394,송운한우,
3395,현스뷰티,
3396,베스트스코어,
3397,꽃보다마카롱,
3398,세울GYM,
3399,진낙지,
3400,정관장홍삼풍덕천점,
3401,수지꼬마김밥,
3402,더스쿨보습학원,
3403,로봇과학교습소,
3404,문구야놀자 수지현암초점,
3405,달인즉석계란말이김밥,
3406,마루비어,
3407,진이정원,
3408,꿈그린미술교습소,
3409,수지썬프라자약국,
3410,놀작수지이포레앳홈,
3411,명남성헤어컷,
3412,조은전기조명,
3413,미성국수,
3414,포장마차,
3415,헐랭이곱창,
3416,고피자 용인죽전점,
3417,성장국어교습소,
3418,새로고침학원,
3419,대치탑클래스영어교습소,
3420,파리바게뜨 성복힐스테이트점,
3421,부어치킨 수지동천점,
3422,네네치킨수지2호점,
3423,땡글,
3424,카페 오하나 수지점,
3425,랜드세차,
3426,미래조명,
3427,미태리수지구청역점,
3428,리더스에듀디베이트논술학원,
3429,공운학원,
3430,연세푸른정신건강의학과의원,
3431,성복돈,
3432,더헤어,
3433,더스무스 죽전역점,
3434,알컴퓨터,
3435,바다 통골뱅이,
3436,우리들내과의원,
3437,킹콩부대찌개동천유타워점,
3438,PS모바일3,
3439,이고,
3440,흥부찜닭,
3441,샤인위드컴페니언,
3442,메디코아내과의원,
3443,어거스트헤어,
3444,리버티필라테스,
3445,조이럭어학원,
3446,아주맑은이비인후과의원,
3447,아마스빈 수지구청점,
3448,연탄로 153,
3449,꼬 꼬마김밥,
3450,장호덕손만두 현대성우점,
3451,청년한우 수지구청점,
3452,큐사랑수지 진산마을점,
3453,피자스쿨 용인상현점,
3454,잼몬스터키즈카페,
3455,이삭토스트 용인죽전중앙점,
3456,에이바헤어 수지구청역점,
3457,타이어테크 용인죽전총판점,
3458,얌샘김밥단국대점,
3459,국민 냉면,
3460,서인석치과의원,
3461,서울더웃는 치과의원,
3462,이사랑치과의원,
3463,광교맛집광교상회,
3464,수지21세기의원,
3465,경희맑은솔한의원,
3466,상록회관 용인죽전점,
3467,테일러드바디,
3468,리베음악학원,
3469,돈교동 신봉점,
3470,산내들세탁소,
3471,손골한우마을,
3472,좋은약국,
3473,한아름약국,
3474,만복정육점,
3475,파우동물병원,
3476,수지실버요양원,
3477,블루마린,
3478,꼬모드,
3479,샘물약국,
3480,스마일 꽈배기,
3481,베이크 상수씨,
3482,그리밍미술교습소,
3483,문구야놀자 수지상현2호점,
3484,도담수학,
3485,수지삼일자동차공업사,
3486,라보나쿠치나,
3487,아이스크림할인점수지동부점,
3488,로고스에이수학학원,
3489,늘푸른외과,
3490,샤인필의원,
3491,광교고운꿈피부과,
3492,그루스터디카페 성복센타점,
3493,버섯샤브샤브칼국수,
3494,클로이,
3495,태후사랑 상현점,
3496,스토리,
3497,카페인24 수지풍덕천점,
3498,또래오래 죽전점,
3499,맘스터치 도담마을점,
3500,풍미,
3501,광교포레 유스호스텔,
3502,정든커피,
3503,미래엔 영어,
3504,엠에스안과,
3505,뉴데이,
3506,돌담집,
3507,리머헤어,
3508,자란다수학,
3509,리드인독서논술상현학원,
3510,김밥천국 성복점,
3511,압구정헤어,
3512,더진국 단국대점,
3513,수연,
3514,컴포즈커피 용인수지구청점,
3515,브릿지커피로스터스,
3516,이디야 용인상현중앙점,
3517,아리랑,
3518,미드미 과자점,
3519,경주쌈밥,
3520,소문난 피부샵,
3521,나나스베딩 광교점,
3522,모네상점,
3523,프렌즈스크린 죽전,
3524,남서울인테리어,
3525,용인대 타이곤 태권도장,
3526,윤선생우리집앞영어성복엘지빌리지,
3527,생각아이미술학원,
3528,샤론무용학원,
3529,수지항외과의원,
3530,원할머니 보쌈족발 용인동천역배달점,
3531,따숲,
3532,원알엠 피티니스,
3533,최쌤기타교습소,
3534,든든한약국,
3535,더사랑효민요양센터,
3536,미강앤씨,
3537,필하모니음악학원,
3538,용인대아이원태권도,
3539,용인대박사 백호태권도,
3540,크린토피아 힐스테이트 광교산점,
3541,도담만두,
3542,프란체,
3543,손뜨개방,
3544,레푸스 상현점,
3545,생각의힘학원,
3546,와이비엠잉글루용인상현제1학,
3547,롯데골프아카데미,
3548,완미족발 광교상현역점,
3549,진돼상현,
3550,두바퀴 상사,
3551,카페윤,
3552,옳은학원,
3553,문구방구 수지동천점,
3554,영재한의원,
3555,토프레소 광교숲속마을점,
3556,수지미래산후조리원,
3557,크린토피아 코인워시 용인이스트팰리스,
3558,가짐피티,
3559,롯데세탁,
3560,알파문구,
3561,아이비티토킹돔이현영어학원,
3562,코리어학원,
3563,과수원보습학원,
3564,은하수 방앗간,
3565,아름답개,
3566,삼촌네야채청과,
3567,소도몰 수지상현점,
3568,월드컵노래연습장,
3569,메종드헤어0403,
3570,한체대 리드원 줄넘기,
3571,홍루이젠 수지만현점,
3572,삼성영어셀레나광교새빛학원,
3573,이화옵티마약국,
3574,레이지가든,
3575,심플소잉엔씨씨용인신봉점,
3576,용인허그맘,
3577,수지스커피,
3578,루미너리어학원,
3579,투웨이 수학,
3580,루엘실용음악학원,
3581,더루츠실용음악학원,
3582,오토오아시스수지풍덕천점,
3583,수지,
3584,살롱드블랑,
3585,파마존,
3586,인첼로교습소,
3587,삼성영어미래엔수학수지정평학원,
3588,헤어살롱드스텔라,
3589,현대자동차죽전써비스 세차장,
3590,셀린의원 용인수지점,
3591,조이약국,
3592,서우스포츠,
3593,미태리 용인신봉점,
3594,골프카키,
3595,수지국수집,
3596,이연의원,
3597,우아필라테스스튜디오,
3598,동천스즈키바이올린첼로음악학원,
3599,준텔레콤,
3600,주영인쇄소,
3601,김호권의 청년어부 수지구청점,
3602,231사진관,
3603,다비수영재교육학원,
3604,돈카츠마R 수지점,
3605,굽네치킨 광교1호점,
3606,굽네치킨죽전단국대점,
3607,수지종합화장품,
3608,노아 한의원,
3609,참사랑어머니회 수지점,
3610,에쯔하임,
3611,플라츠로스팅컴퍼니,
3612,크린토피아 동천동자이1단지점,
3613,마농델리,
3614,투썸플레이스 성복점,
3615,타임유스터디 동천점,
3616,디딤돌수학학원,
3617,고진사,
3618,우미헤어,
3619,피아노바닐라학원,
3620,나현정발레학원,
3621,정국수,
3622,한양예술음악학원,
3623,하루노히,
3624,카페루나,
3625,또봉이 통닭 광교마을점,
3626,히포매쓰학원,
3627,동네안경,
3628,잰틀맨,
3629,한우리독서토론논술,
3630,제이에스텔레콤,
3631,수지즉석떡볶이,
3632,이레목재합판,
3633,OK애체안경원,
3634,온유뷰티,
3635,한희수 헤어토픽,
3636,모나쉬어학원,
3637,이솔바이올린첼로음악학원,
3638,렌즈미,
3639,얼음왕국 죽전동성 용인193호점,
3640,프라임 스크린 골프,
3641,지앤오플러스,
3642,박준뷰티랩,
3643,화수분,
3644,화인푸드,
3645,상현떡방,
3646,영원한미소미술학원,
3647,죽전 팀J,
3648,채움한의원,
3649,봄커피,
3650,죽전우미2차점,
3651,파리바게뜨 수지상록점,
3652,픽톤실용음악학원,
3653,인플란트수지치과의원,
3654,현수학학원,
3655,미라체,
3656,청담칼국수,
3657,롯데리아용인동천점,
3658,맘스터치,
3659,롯데리아용인신봉점,
3660,굿닥터치과,
3661,송가네 할매순대국,
3662,철뚝집,
3663,아이스크림 가게,
3664,송월타월수지점,
3665,위더스 산후케어,
3666,신참떡볶이 용인신봉점,
3667,살롱드 제이 헤어,
3668,조영란헤어파크,
3669,던킨 용인동천점,
3670,행복나무미용실,
3671,소프레사 헤어살롱,
3672,온네일,
3673,아름담에스테틱,
3674,웰킨,
3675,이승복내과의원,
3676,팍스영어학원,
3677,아쿠아스킨,
3678,닭쭈구리,
3679,아비오르,
3680,워시테리아 수지현암로점,
3681,신전떡볶이 상현점,
3682,떡마을,
3683,카페다작,
3684,비비헤어,
3685,위드민발레스튜디오학원,
3686,해마수학,
3687,웜 유니버스,
3688,동산떡집,
3689,다온초밥,
3690,하모하모전,
3691,백지연미용실,
3692,계림원 용인수지점,
3693,마실,
3694,아딸죽전 2호점,
3695,안녕미술교습소,
3696,땅스 부대찌개 상현점,
3697,허니닭강정,
3698,뮤엠 신리 영어 교습소,
3699,까사라토,
3700,슈퍼키친 상현역점,
3701,아트위즈코리아,
3702,미담원,
3703,공간,
3704,전기구이 이한량 통닭,
3705,새로나 의류수선,
3706,한성세탁소,
3707,경희일리한의원,
3708,성복본한의원,
3709,경희신통한의원,
3710,경희누리한의원,
3711,뜰사랑3관,
3712,한수라,
3713,리드101신봉영어학원,
3714,세모사,
3715,수지신봉LG떡방,
3716,다나헤어,
3717,봄누리치과의원,
3718,라하하 마라탕,
3719,중국성,
3720,모니카의스터디룸창의수학교습소,
3721,김밥마는언니네,
3722,광교윤하약국,
3723,린수학교습소,
3724,슈퍼샌드위치,
3725,꽃블리 용인수지죽전점,
3726,큐사랑 풍덕천점,
3727,그림공간미술교습소,
3728,자이음악교습소,
3729,제일칼국수수지구청점,
3730,아이원,
3731,스마일코스트,
3732,플람조명,
3733,더아이비의원,
3734,육감만족 상현역점,
3735,세탁119크린클럽,
3736,두잇영어수지신봉학원,
3737,살롱드포레,
3738,로드스마트해법수학교습소,
3739,하얀마음미술학원,
3740,고봉민김밥용인죽전새터점,
3741,루미에르,
3742,파리바게트용인죽전점,
3743,키네틱필라테스,
3744,순자딸네일,
3745,광교서울이비인후과의원,
3746,김종화푸른소아과,
3747,유수정소아청소년과의원,
3748,맑은한의원,
3749,큐사랑 수지성복점,
3750,촌 신봉점,
3751,피자파는집 용인수지점,
3752,커피프리덤,
3753,즐거운동물병원,
3754,삼성세탁소,
3755,화담한의원,
3756,돈지돈지 성복점,
3757,지니미장원,
3758,오븐인카페,
3759,영커피 용인신봉점,
3760,탑클래스 수학학원,
3761,해변,
3762,다이버스아지트 마카마카,
3763,오메가수학교습소,
3764,경희뮤즈피아노교습소,
3765,빈블리스,
3766,대한민국 고기집 수지점,
3767,파리바게뜨  신봉점,
3768,시골밥상,
3769,이보아르,
3770,올드델리,
3771,헤어살롱S,
3772,어쩌다 감자탕 죽전점,
3773,이마트24 수지상현로점,
3774,케이런스크린골프,
3775,연피아노음악교습소,
3776,헤어클릭,
3777,이화뮤즈음악학원,
3778,크린토피아 용인수지더샵점,
3779,무한도전노래연습장,
3780,재시스킨앤바디,
3781,마실방,
3782,영산포홍어,
3783,정성한골프아카데미,
3784,신봉녹주불한증사우나,
3785,아가별산후도우미,
3786,다산보청기,
3787,투고박스누들,
3788,보울레시피 광교상현점,
3789,수지당약국,
3790,무지개장수,
3791,동천,
3792,힐스템 메디스킨케어,
3793,큐사랑 광교점,
3794,상현약국,
3795,리에이치스튜디오,
3796,충효예무술관,
3797,우석헤어아트세련미용재료,
3798,네일보카,
3799,배스킨라빈스광교역점,
3800,투썸플레이스 수지동천역점,
3801,처갓집보리밥,
3802,이마트24 수지희망점,
3803,연세벨로체음악교습소,
3804,오늘도 커피,
3805,픽미픽미,
3806,텐퍼센트커피 용인동천점,
3807,커피에반하다상현역점,
3808,용인네일퀸,
3809,푸드트럭 스토리 23호차,
3810,리드인독서논술교습소,
3811,마스터 당구장,
3812,굿샷스크린골프,
3813,수지라라음악학원,
3814,수지상현 자라다남아미술학원,
3815,토마토약국,
3816,엠피지컬트레이닝클럽,
3817,리안헤어 신봉점,
3818,성복1번홀,
3819,에티오필라테스,
3820,데일리베이프,
3821,미엔지,
3822,광교산 한방삼계탕,
3823,단미재,
3824,센트럴500쇼핑몰관리단,
3825,레브,
3826,중국전통마사지,
3827,용인수지점 맛찬들왕소금구이,
3828,행복골프훈련소 죽전점,
3829,태풍참치,
3830,이가자 헤어비스,
3831,본톤가구죽전점,
3832,스킨네일,
3833,에이핏바른체형운동센터,
3834,너를 위한 영어학원,
3835,김현주국어전문학원,
3836,에그카페24,
3837,찬이몽땅,
3838,서울해장국,
3839,르슈슈,
3840,신전떡볶이,
3841,또나랑커피로스터스,
3842,그루밍 스팟,
3843,경화미용실,
3844,헤어아트수,
3845,삼성메디칼약국,
3846,오니기리와이규동,
3847,다사랑약국,
3848,주용철세차장,
3849,래빗앤몽키,
3850,엠원아트,
3851,베이프하우스,
3852,개미기획,
3853,수지데이케어,
3854,픽미픽미아이스 수지벽산점,
3855,얼짱떡볶이,
3856,헤븐해즈,
3857,Little Fox 북스,
3858,수지문고,
3859,광교약국,
3860,숲속애,
3861,고기로426,
3862,제네바 휘트니스 수지점,
3863,안데르센약국,
3864,행복한약국,
3865,한샘한의원,
3866,현대카클리닉,
3867,일품김밥,
3868,셀핑,
3869,본골프,
3870,스카이골프스쿨,
3871,루미스튜디오,
3872,꼬꼬마루,
3873,타코하라,
3874,해오름치과의원,
3875,스시케이,
3876,24시 무인카페 만월경 풍덕천점,
3877,매썸수학교습소,
3878,더풋샵 성복역점,
3879,아테자,
3880,성복자동차공업사,
3881,아트큐미술교습소,
3882,리윰필라테스 성복점,
3883,봄봄탁구클럽,
3884,선비칼국수상현역점,
3885,미스터빠삭 수지구청점,
3886,찬동산,
3887,죽전바른마취통증의학과의원,
3888,프로당구클럽,
3889,한가네숯불닭갈비,
3890,파티오롯이,
3891,미남,
3892,예감쪽갈비,
3893,센트레빌세탁소,
3894,누누블리,
3895,더끌림 헤어살롱,
3896,주메디얼테라피,
3897,와플대학 상현역캠퍼스,
3898,수지어르신요양센터,
3899,황소고집한우곱창,
3900,파이굽는집,
3901,킵머슬 GYM,
3902,아레나피씨 단국대점,
3903,나는 꼬마김밥,
3904,지혜수학교습소,
3905,영지사,
3906,고운피부관리실,
3907,나인원뷰티,
3908,타이니베이커리,
3909,세인트폴 마취통증의학과의원,
3910,수지좋은날떡,
3911,24시 무인카페 만월경 상현점,
3912,뮤지끄 실용음악학원,
3913,인산죽염 용인점,
3914,한우리독서,
3915,짬뽕나라,
3916,올리비아로렌 수지구청점,
3917,동천 에듀플렉스 심리상담연구소,
3918,바우하우스,
3919,웃는아이 더 설쌤 댄스학원,
3920,라인엑스피티스튜디오,
3921,랑스스킨,
3922,제이할인마트,
3923,마루스포츠,
3924,꽁꽁냠냠 상현점,
3925,정평대흥떡방앗간,
3926,프라임치과,
3927,베델약국,
3928,디데이쉐프,
3929,골프홀릭,
3930,한솥도시락 용인상현점,
3931,세상의 모든 튀김,
3932,과요미,
3933,수지 실내 테니스,
3934,포텐PC방,
3935,빵꾸똥꾸문구야 용인 죽전점,
3936,드림ON스터디카페,
3937,뚜어드가빈,
3938,오아시스,
3939,마왕족발,
3940,정샘학원,
3941,이안서가수지학원,
3942,메가엠지씨커피 수지진산마을점,
3943,피피씨체대입시수지광교캠퍼스,
3944,욜로PC방 용인죽전점,
3945,스페로 스페라 수지점,
3946,킹스타피자,
3947,와이드앵글 수지점,
3948,감상 칼국수,
3949,엘투미용재료백화점,
3950,플러스하야약국,
3951,하이어골프연습장,
3952,세진 렌트카,
3953,플랜트,
3954,수지비바체음악학원,
3955,하남돼지집 수지점,
3956,이지원헤어,
3957,생각하는어린이 사고력수학교습소,
3958,CKS,
3959,육회미가,
3960,레이크골프유한섭,
3961,아트필라테스,
3962,책통클럽광교상현센터독서논술교습소,
3963,참정형외과의원,
3964,의선한의원,
3965,만나로 맛나길,
3966,보름별애견미용카페,
3967,미서울치과의원,
3968,빌리지  연세치과의원,
3969,헤어룩,
3970,도토리묵마을,
3971,콩삼김삼,
3972,모범약국,
3973,올바른분식,
3974,수지파워점핑,
3975,할머니가래떡볶이,
3976,넬라헤어,
3977,리드인책속에길독서논술교습소,
3978,더 배움영어 토킹스타 신봉영어학원,
3979,스카이평생교육원,
3980,죽전우동,
3981,성복동물병원,
3982,하와이안랩소디 영어교습소,
3983,남문떡볶이 동천점,
3984,앨리스리딩스피킹학원,
3985,바우하우스미술학원,
3986,조성은발레학원,
3987,새연세소아청소년과,
3988,우영한의원,
3989,미담치과의원,
3990,멘토즈스터디카페수지동천점,
3991,구이분자,
3992,전라도차여사반찬,
3993,씨유죽전현암점,
3994,설아아이스크림,
3995,애니타임 상현점,
3996,디에이치 세금연구소,
3997,영상화원,
3998,더헤어 디자인살롱,
3999,엘샤론 찬환경 염색,
4000,강남명태,
4001,오토야,
4002,크레이브 바버샵,
4003,고릴라주짓수,
4004,몽크실용음악학원,
4005,크린토피아코인워시용인수지이편한,
4006,풍덕천삼성영어교습소,
4007,연실,
4008,리플라워,
4009,두레옛날통닭 용인상현점,
4010,삼겹식당 용인죽전점,
4011,오드리뷰티,
4012,경희그랑발레무용학원,
4013,라미모모미술수지점학원,
4014,제이드플레이스,
4015,하카전자담배용인수지점,
4016,메타짐,
4017,하나온누리약국,
4018,날마다 잔칫날이어라,
4019,그대애개,
4020,남화연무용학원,
4021,엄마랑딸이랑,
4022,오시다,
4023,잇츠깡스,
4024,지코당구클럽,
4025,백구열쇠,
4026,위니아서비스성남,
4027,티에스영어학원,
4028,성은실버케어스2관,
4029,수지스즈키바이올린첼로전문학원,
4030,우리들이비인후과,
4031,로웰 음악학원,
4032,수지BYC전문점,
4033,도미노피자수지점,
4034,인생포차,
4035,수아르헤어,
4036,모노그램,
4037,사창뚝배기,
4038,오토김밥죽전점,
4039,죽전 한우리 독서교실,
4040,메가엠지씨커피 수지풍산삼거리점,
4041,스낵얌 광교상현역점,
4042,헤어가넷,
4043,루미아네일,
4044,건어물마트,
4045,설아아이스크림 수지성복점,
4046,미성옥 본점,
4047,매머드커피익스프레스광교우미뉴브,
4048,전원향기,
4049,수지꿈나무바둑교습소,
4050,한우리독서토론논술교습소,
4051,청운약국,
4052,미래약국,
4053,아침동물병원,
4054,싸이펀실험과학교습소,
4055,우리샘플레이팩토수학교습소,
4056,이투스수학 죽전,
4057,카이텍수학학원,
4058,챠밍,
4059,레인보우,
4060,해독명가,
4061,대한민국세탁1번가,
4062,바비엘,
4063,왕코하우스,
4064,연세탑튼튼의원,
4065,남자이야기,
4066,필즈더클래식 수지센터학원,
4067,광교인내과의원,
4068,우리들약국,
4069,예담이비인후과의원,
4070,명가정의학과의원,
4071,카카오골프,
4072,해쿡 쿠킹 스튜디오,
4073,프라자미용실,
4074,레드웍,
4075,그리다헤어,
4076,79대포 죽전점,
4077,노멀 크러쉬,
4078,한입한쌈 용인수지점,
4079,보스톤서울치과,
4080,기탄사고력교실 상현금호베스트빌,
4081,헤븐커피,
4082,아트스튜디오꼴로랑뜨미술교습소,
4083,또봉이통닭 수지점,
4084,성복 행운약국,
4085,수지주니어치과의원,
4086,고호치과,
4087,골프존파크 신봉비전파이브,
4088,큐볼당구클럽,
4089,유비노,
4090,옛날원조할매순대국,
4091,명성지압안마원,
4092,엘지세탁소,
4093,느티나무,
4094,롯폰기힐즈헤어살롱,
4095,케리헤어,
4096,예림피아노,
4097,띠뿌아 쌀국수,
4098,슈만음악학원,
4099,유럽스페셜티커피학원,
4100,메종드헤어0403 상현역점,
4101,아주특별한 음악학원,
4102,의류병원,
4103,수안헤어,
4104,메가엠지씨커피 죽전벽산타운점,
4105,미래인재영수학원,
4106,보울레시피 수지성복점,
4107,준명품세탁,
4108,잇담 도자기,
4109,스마트당구클럽,
4110,광교치과의원,
4111,서울한치과,
4112,포메인 동천점,
4113,헤어살롱SM,
4114,원헤어,
4115,뫼리식당,
4116,더벨류태권도장,
4117,한우리성복독서논술교실,
4118,스터디뱅크 죽전독서실,
4119,진덴트칼라외형복원,
4120,옻안타는천연염색죽전점,
4121,아이스박스상현점,
4122,가마로강정 수지동천점,
4123,지코바 새터마을점,
4124,꾸러기유통,
4125,그리다 미술교습소,
4126,진산서당,
4127,별별아이스캔디,
4128,라무진 상현역점,
4129,커피수다,
4130,한국시스템,
4131,피아노블리음악학원,
4132,원스발레아카데미,
4133,핏플,
4134,코샤,
4135,헬스카페,
4136,알케미짐,
4137,플리뮤직실용음악학원,
4138,바당,
4139,현태권도,
4140,중국집,
4141,태정야채곱창,
4142,아뜰리에 드 제니,
4143,리&홍 위즈의원,
4144,수지서울안과,
4145,수학의문학원,
4146,나리미용실,
4147,하이빌헤어,
4148,선데이치과의원,
4149,수지부부치과의원,
4150,깨깨미술교습소,
4151,라온스터디카페 오리죽전점,
4152,길동우동 수지구청역점,
4153,참치피크닉,
4154,리드인독서논술혜윰학원,
4155,애니스잉글리시학원,
4156,한국원예컬러 힐링센터,
4157,삼삼오,
4158,장땡장어,
4159,일상옷,
4160,가고파열쇠,
4161,마음을채우는요리,
4162,어스앤어스,
4163,아프로뒤테살롱,
4164,엘림의원,
4165,수지디아인재교육학원,
4166,진수성찬,
4167,경희늘해랑한의원,
4168,참수학교습소,
4169,칠하고네일,
4170,사오정,
4171,죽전예담동물병원,
4172,수지서울치과의원,
4173,백억커피 용인죽전점,
4174,배가학원,
4175,밤새노가리,
4176,엠보이스보컬실용음악학원,
4177,악퉁실용음악학원,
4178,아름다운음악학원,
4179,네네치킨풍덕천점,
4180,수지한의원,
4181,응응스크르 용인죽전점,
4182,아이스마일,
4183,지코바 동천점,
4184,타이거 수지,
4185,메가엠지씨커피수지아이조움점,
4186,바바,
4187,사진 반하다,
4188,종로문구,
4189,자성화맛집코다리네,
4190,홍박사생고기,
4191,책나무수지신봉독서논술학원,
4192,한국샷시부속,
4193,싸다폰,
4194,현대세탁,
4195,헤어체인지,
4196,피에스핏,
4197,토리키치 광교상현역점,
4198,가을민들레 전,
4199,연세항통의원,
4200,숲속 필라테스,
4201,아마스빈 수지고점,
4202,채현미용실,
4203,엘앤케이학원,
4204,숨약국,
4205,수지프라임약국,
4206,초록약국,
4207,클레버수학교습소,
4208,플러스크리닝수선,
4209,써니스피자마켓,
4210,유나,
4211,성복전집,
4212,죽전명문태권도장,
4213,광교봄아트미술교습소,
4214,그림나무짱샘의미술교습소,
4215,장꼬방,
4216,대청삼성영어교습소,
4217,유투엠한스학원,
4218,용인대 청룡 태권도장,
4219,우민미용실,
4220,에덴피부관리,
4221,과학경시뉴튼학원,
4222,하이로왕 마라탕,
4223,시티엔핏복싱,
4224,진바이크,
4225,신정,
4226,하임동물병원,
4227,연세 별 소아치과치과의원,
4228,세븐일레븐 용인동천타운점,
4229,엄마는스테이크,
4230,그래그래피자떡볶이,
4231,타이어 LAB,
4232,다솜,
4233,정평종합철물,
4234,우리집식당,
4235,가마치통닭 수지상현점,
4236,보물창고,
4237,에이플,
4238,화덕빵집,
4239,수내과의원,
4240,이안,
4241,메가매쓰수학학원,
4242,하이매쓰수학교습소,
4243,플레이매쓰앤보드,
4244,담다제빵소,
4245,술집 상현,
4246,데이연에스테틱,
4247,용인신봉청담독서실,
4248,티피코교육 용인지사,
4249,수학이달달하다,
4250,항아리속반찬,
4251,스카이PC 수지구청역점,
4252,꽃가풍,
4253,솔채 스튜디오,
4254,황궁,
4255,윤선생IGSE용인죽전학원,
4256,광어나라,
4257,수지연세NY치과의원,
4258,호두네 정육점,
4259,뮤즈노래뮤비방,
4260,에셀프린터센타,
4261,수지소생한의원,
4262,생고뱅 인투인,
4263,티파니,
4264,헤어토픽,
4265,향기의 뜰,
4266,우연히,
4267,브로우티,
4268,다비드치과,
4269,국수사랑채,
4270,토르짐,
4271,챌린지캠프,
4272,생각키움독서토론논술교습소,
4273,길수학학원,
4274,국가대표,
4275,랭크원수학교습소,
4276,코불소,
4277,가월가물치,
4278,심훈치과의원,
4279,아이콩 키즈라운지,
4280,이마트24 수지문인로점,
4281,아뜰리에,
4282,참조은한의원,
4283,에스더필라테스,
4284,우리집앞동물병원,
4285,원더잉글리시,
4286,금밭미장원,
4287,세븐일레븐 죽전캐스빌점,
4288,보스톤음악학원,
4289,아드망미술교습소,
4290,벤스튜디오,
4291,미담오뎅,
4292,에듀코치개별지도수지학원,
4293,더향빈티지샵,
4294,메가엠지씨커피 수지동천점,
4295,신봉한우리독서토론논술교습소,
4296,고딕커피,
4297,초월스터디카페 수지신봉점,
4298,송대관네박자 노래연습장,
4299,만랩커피 용인상현점,
4300,에스메랄다,
4301,굿모닝탑수학,
4302,글로벌,
4303,한일장식,
4304,풍미 성복역 본점,
4305,죽전뚱뚱이할머니족발,
4306,카이스트영어국어학원,
4307,죽전아름다운치과,
4308,백소정수지구청점,
4309,제이엠,
4310,수연당수학학원,
4311,칼국수네수제비,
4312,초등중등맞춤프로그램YBM영어교,
4313,푸드랩108,
4314,아리발달센터,
4315,아이스박스 웰스톤점,
4316,일단영어중고등영어전문학원,
4317,삼성영어꽃메현대영어교습소,
4318,마이아뜰리에미술교습소,
4319,엘필라테스,
4320,힐링의원,
4321,주네일,
4322,막창이네,
4323,수지열린요양원,
4324,시대영어학원,
4325,광교수약국,
4326,24시 무인카페 만월경 수지심곡점,
4327,이보영스킨&스파,
4328,이모든치과,
4329,춘천닭갈비 봉평메밀막국수,
4330,조일수에스테틱,
4331,배달돼지 죽전점,
4332,원할머니보쌈상현점,
4333,국가대표한국체대드림태권도장,
4334,1인자감자탕,
4335,키즈엔리딩 수지정평점,
4336,죠스떡볶이바르다김선생수지동천점,
4337,씨유수지수진점,
4338,한국체대신일태권도장,
4339,점프스쿨 죽전센터,
4340,벨리티네일스킨,
4341,경희대신봉태권도,
4342,루트엠고등학원,
4343,속타는불짬뽕,
4344,경희인애한의원,
4345,인테리어하우스,
4346,상록자이세탁,
4347,세라약국,
4348,클레어영어교습소,
4349,레드PC방,
4350,세븐일레븐수지풍덕천중앙점,
4351,이엘아트,
4352,수지모소리,
4353,2LFIT 수지동천점,
4354,우석헤어아트,
4355,뉴쇼팽음악학원,
4356,열린이비인후과의원,
4357,독한국어학원,
4358,예음악학원,
4359,큐이디 골프아카데미,
4360,기재컴퓨터,
4361,이지현,
4362,레오수학학원,
4363,갑천하중국어학원,
4364,메모네일,
4365,브레인마인드 상담센터,
4366,연세송정신건강의학과의원,
4367,5층우리약국,
4368,굼터,
4369,덮밥마켓,
4370,김수연정신건강의학과의원,
4371,헤어진,
4372,단짠포차,
4373,홍재희 헤어,
4374,착한시루,
4375,명품수선,
4376,로이안경,
4377,치킨마루 풍덕천점,
4378,시공간헤어 수지동천점,
4379,최강한일학원,
4380,재미수학,
4381,부에나헤어숍,
4382,김승희헤어,
4383,여성크로커다일수지점,
4384,짱유네일,
4385,무림합기도,
4386,메가엠지씨커피 용인죽전점,
4387,세종발레핏스튜디오,
4388,전광우 색소폰 스튜디오,
4389,신연세음악학원,
4390,애니팝미술학원,
4391,서울본치과의원,
4392,쏠티음악학원,
4393,5월의공작소,
4394,하랑헤어,
4395,다온뷰티,
4396,윤선생IGSE아카데미용인성복학원,
4397,초이스,
4398,원타임,
4399,바른몸트레이닝센터,
4400,로하스스쿨,
4401,옥사장 집밥,
4402,라스칼,
4403,타볼라 펠리체,
4404,동문현대공업사,
4405,사랑내과의원,
4406,연세가정의학과의원,
4407,고메김밥,
4408,수지광교체형교정본밸런스,
4409,수지메디이음내과의원,
4410,피자스쿨 광교상현역점,
4411,셰익스피어에세이어학원,
4412,아산이뮨플러스의원,
4413,새앙머리,
4414,하움필라테스 풍덕천점,
4415,바짝프리미엄독서실,
4416,수지윤약국,
4417,심봉사도로케 용인상현역점,
4418,온하루동물의료센터,
4419,에스에스유,
4420,중앙세탁소,
4421,상현12월의영광학원,
4422,RS스킨앤바디,
4423,쉐젤헤어,
4424,삼성굿모닝의원,
4425,행운노래연습장,
4426,청년수산 단대죽전점,
4427,아름담피부과,
4428,바른재활의학과의원,
4429,로아브헤어,
4430,라홍방,
4431,수학의비전,
4432,경기제일제과제빵학원,
4433,가잔니수지점,
4434,춘천장인닭갈비,
4435,이가자헤어비스 수지점,
4436,마켓무 수지동천점,
4437,엑시트 커피 익사이트커피,
4438,모리노야,
4439,속눈썹미인,
4440,별난아재맥주,
4441,우지커피 수지구청역점,
4442,예일꽃화원,
4443,라라발레학원,
4444,아이피플미술학원,
4445,남영스파랜드 스포츠마사지실,
4446,매머드익스프레스내대지마을점,
4447,와썹코인,
4448,원더팔레트,
4449,온영어교습소,
4450,등촌샤브칼국수 신봉점,
4451,씨유(CU) 신봉자이점,
4452,고등어학원,
4453,위어스영어학원,
4454,고고식당,
4455,충남 방앗간,
4456,치즈블리스 1995,
4457,Noniin,
4458,또랑,
4459,설수지학원,
4460,연세W치과의원,
4461,이플러스치과,
4462,다인아트치과의원,
4463,이알씨(ERC)어학원,
4464,동천한솔플러스학원,
4465,라미가,
4466,빽다방수지구청점,
4467,샤브나리,
4468,시온성,
4469,로에이브헤어,
4470,도도한 상점,
4471,여성전용PT투프로짐,
4472,메디스포유,
4473,라비체음악교습소,
4474,플레잉아트센터,
4475,피앤아이뮤직학원,
4476,피아노선율음악학원,
4477,4B미술학원,
4478,최배달떡순튀,
4479,남규나 탁구클럽,
4480,지코바치킨 성복1호점,
4481,더힐발레스튜디오,
4482,발도르프 음악학원,
4483,픽스버거,
4484,현대막국수,
4485,도토리아트미술교습소,
4486,차선생 수학 교습소,
4487,플로우영어독서학원(성복지점),
4488,어우동,
4489,더도어즈골프,
4490,브리딘 필라테스 수지성복점,
4491,필라테스 해듦,
4492,해수사우나,
4493,민트헤어,
4494,살롱원,
4495,라미끄,
4496,브라이트영어교습소,
4497,용두동쭈꾸미(수지),
4498,조유미수학,
4499,요나잉글리쉬학원,
4500,크리스마스미용실,
4501,광교요리학원,
4502,김유진 정신건강의학과,
4503,퍼플네일,
4504,양나나,
4505,봉명동내커피 죽전구미점,
4506,투온QED골프아카데미 수지죽전점,
4507,리드인독서비상아이비츠학원,
4508,광교새벽정신어학원,
4509,대민,
4510,마이프라나,
4511,킴스헤어,
4512,JK헤어브띠끄(JKHAIRB,
4513,수지 김안과의원,
4514,수지본내과의원,
4515,한내과의원,
4516,리즈마스터,
4517,피자스쿨 죽전점,
4518,리엠(RI-M),
4519,원픽미술학원,
4520,앤와이유 아름다운치과,
4521,헤일로,
4522,동천877,
4523,퍼포미 아트스튜디오,
4524,쉬즈미헤어,
4525,바우미술학원,
4526,히어로애니미술학원,
4527,본이비인후과의원,
4528,기찬수학전문학원,
4529,비타민약국,
4530,수지메디칼약국,
4531,최명희헤어,
4532,오렌지잉글리쉬(Orange English co Ltd,
4533,루카스에듀2관학원,
4534,스타일 스토리,
4535,일랑헤어,
4536,헤어리,
4537,ILYN(아이린),
4538,우리옷방,
4539,고구려대장간,
4540,구울래?찔래?,
4541,고려밥상,
4542,쌈빡 스타일,
4543,아트앤키즈 미술학원,
4544,광교PT 필라테스 여성전용 업텐션핏 광교상현본점,
4545,신봉민속떡집,
4546,신봉자동차,
4547,라온,
4548,복이네아구찜,
4549,유락정,
4550,바코드935-1(Barcode-935-1),
4551,수지맑은피부과,
4552,이형콜렉션,
4553,메인,
4554,더테니스존 수지,
4555,바른야구,
4556,엔와이씨필라테스(NYC PILATES),
4557,J필라테스,
4558,니하오마라탕 신봉점,
4559,마라공방수지구청점,
4560,강릉교동짬뽕,
4561,고기동황금쉼터,
4562,일미돈까스 단대점,
4563,후라이드참잘하는집,
4564,비에이치씨 성복2호점,
4565,한국세탁,
4566,로이레스튜디오,
4567,인 테니스 (IN TENNIS),
4568,나린 필라테스,
4569,아이얀요가,
4570,한누리요가아카데미,
4571,카미요가(KAMY YOGA),
4572,비전약국,
4573,동성약국,
4574,수지행복한약국,
4575,수지한빛정형외과의원,
4576,탑헤어(T.O.PHair),
4577,아리(Rri),
4578,지금헤어,
4579,경인보수,
4580,씨유수지한솔점,
4581,GS25수지문정점,
4582,다솜약국,
4583,원약국,
4584,수지햇살약국,
4585,다온약국,
4586,기린약국,
4587,플랜트네일,
4588,로즈배,
4589,메리네일,
4590,꾸러기소아과의원,
4591,포낙보청기 수지센터,
4592,삼성영어미래엔수학효자학원,
4593,잉글리시아크학원,
4594,김시연과학학원,
4595,SJS영어학원,
4596,수지서울정형외과,
4597,성복한의원,
4598,어울림한의원,
4599,경희푸른솔한의원,
4600,양쌤영어교습소,
4601,풍덕천토이공미술교습소,
4602,상현채플린노래연습장,
4603,수선나라,
4604,조이플어학원,
4605,카이스트영어마스터학원,
4606,광교쇼팽음악학원,
4607,멍냥의민족 신봉점,
4608,멍냥이 편의점,
4609,폴프렌즈,
4610,하츠케이크,
4611,봉평메밀,
4612,윈도우스토리,
4613,싱싱청과,
4614,국가대표 푸줏간,
4615,파인HSC,
4616,유천샤브칼국수.냉면,
4617,이삭토스트 용인상현점,
4618,스카프,
4619,씨유수지주공점,
4620,지에스25 수지도서관점,
4621,지에스25 죽전중앙점,
4622,하나안경콘택트,
4623,바이글라스(by glass),
4624,센트유니크,
4625,갱스터도그,
4626,버블냥,
4627,헬로똘복(Hello똘복),
4628,동성인테리어,
4629,지에스25 수지홈타운,
4630,소소한컷 사진관,
4631,트루플라잉요가,
4632,디자인예공,
4633,깡통커피&Beer,
4634,영남,
4635,24시 무인 애견용품&펫간식샵 아무도없개 수지동천점,
4636,본죽&비빔밥 동천래미안점,
4637,신전떡볶이 수지동천점,
4638,가마로강정죽전점,
4639,더리터24 용인수지점,
4640,땅스부대찌개 신봉동점,
4641,씨유(CU)수지엘지점,
4642,씨유(CU) 수지진산점,
4643,숲음악교습소,
4644,아이원안경원,
4645,비피 필라테스 수지점,
4646,매쓰플랜수학죽전학원,
4647,레드우드국제교육학원,
4648,제이엔에스(JNS) 유도체육관,
4649,제이제이모터스(JJMOTORS),
4650,지에스리테일(GS25죽전도담마을점),
4651,디아이학원,
4652,디딤돌청명학원,
4653,수지빈대떡,
4654,아뜰리에영어키즈어학원,
4655,교학사풍덕천영어교습소,
4656,퀀트수학교습소,
4657,율아트미술교습소,
4658,몬스터파비아트미술교습소,
4659,아이비스터디카페 수지구청점,
4660,숙명피아노교습소,
4661,가위손미용실,
4662,친절한 시아씨,
4663,동천하우스,
4664,베이비스킨,
4665,이마트24 상현동일스위트점,
4666,수지소마학원,
4667,리치유도관,
4668,데이파크약국,
4669,주식회사 루산후조리원,
4670,정다운동물종합병원,
4671,해담은동물병원,
4672,번성세탁,
4673,대명카워시,
4674,오이스터리딩클럽 학원,
4675,깡우동광교상현역점,
4676,대양어패럴 (노스페이스),
4677,스마트골프아카데미,
4678,벙커디자인,
4679,노래하는크레용분당수지,
4680,스코 수지성복점,
4681,복실이,
4682,정통상,
4683,오늘,
4684,프리즘 PRIZM,
4685,참착한 총각네 축산,
4686,우미담,
4687,우리동네24 아이스크림점,
4688,책나무수지성복점 독서논술학원,
4689,대성유통상사,
4690,미노스타일,
4691,연세소아청소년과의원,
4692,고려수지침용인수지지회,
4693,유토피아,
4694,그리니수채화공방미술교습소,
4695,링키영어동천자이영어교습소,
4696,헤어라이,
4697,이마트24 죽전현대점,
4698,하이클래스짐,
4699,소통애,
4700,만족오향족발 수지상현점,
4701,벤탄빌라 수지점,
4702,아이스크림나라,
4703,씨유수지한성점,
4704,씨유수지태영프라자점,
4705,김민찬본수학중고등관학원,
4706,시너지 수학학원,
4707,런치펍,
4708,궁중참숯 가마구이,
4709,더포토스타일,
4710,우리스튜디오,
4711,풍경이있는집,
4712,원희플라워,
4713,단비인쇄,
4714,처음태권도장,
4715,경희대 히어로즈 태권도장,
4716,날라온 수지1호점,
4717,죽전 센트럴 약국,
4718,보니따필라테스 수지신봉점,
4719,잉글리시레이(English RAY),
4720,이화피아노교습소,
4721,청보리국어논술,
4722,올타수학과학학원,
4723,에너세이버썬팅(Enersav,
4724,리딩아일랜드학원,
4725,오울바이크,
4726,기쁨인테리어,
4727,샐러디죽전새터점,
4728,제주하루방국밥,
4729,완부,
4730,마스터수학학원,
4731,내대지238,
4732,올바른야채과일,
4733,하나브롯플라워,
4734,수지봄한의원,
4735,자연아이한방소아과한의원,
4736,남경한의원,
4737,푸른숲한의원,
4738,인의한의원,
4739,한그루,
4740,지에스25 신봉엘지점,
4741,불티꼼장어,
4742,봉구스밥버거수지구청점,
4743,이끌림,
4744,현대인테리어,
4745,두드림발달상담센터,
4746,처갓집양념치킨 신봉점,
4747,오늘통닭 광교상현점,
4748,어르신요양센터,
4749,24시 무인카페 만월경 수지삼성점,
4750,킹콩아이스꽁꽁 수지고기점,
4751,어라운드홈,
4752,스마일헤어,
4753,살롱드엠,
4754,정담손만두,
4755,세훈네옹심이칼국수,
4756,차또르떡볶이,
4757,정주만두,
4758,엠카피맨,
4759,육회왕자 연어공주 수지성복점,
4760,소풍가는날,
4761,키키공방 수지동천점,
4762,경기슈퍼맘용인지점,
4763,세븐일레븐 성복롯데캐슬점,
4764,와이즈리더영어독서전문학원,
4765,옳은학원 죽전점,
4766,수지한우직판장,
4767,고기동민박,
4768,달코미랜드 신봉점,
4769,종로떡방,
4770,자미당,
4771,이마트24죽전월드점,
4772,리프리다 수지죽전점,
4773,한솔플러스삼익수학교습소,
4774,짬뽕관 용인수지점,
4775,쉼 어묵그리고한잔술,
4776,스테이엘로,
4777,컴포즈커피 광교상현점,
4778,이디야커피 수지동천자이점,
4779,아이스캔디 신봉점,
4780,서진인테리어,
4781,진앤수교육심리상담연구소,
4782,지우헤어 죽전점,
4783,미인미장,
4784,고봉민김밥인성복점,
4785,삼성코랄이비인후과,
4786,에듀스템어학원,
4787,다우식당,
4788,다짐영어학원,
4789,아소비,
4790,액셀러스 스터디카페,
4791,LG3차 세탁소,
4792,좋아서미술교습소,
4793,레몬트리미술학원,
4794,칭따오양꼬치,
4795,성모웰피부과의원,
4796,참좋은치과의원,
4797,하얀미소치과의원,
4798,수지열린치과의원,
4799,정원치과,
4800,수지탑치과의원,
4801,제이에스기타교습소,
4802,엔그램,
4803,아이미술창작소미술학원,
4804,잭스뮤직실용음악학원,
4805,모네뜰미술교습소,
4806,줄리어드음악학원,
4807,리브가미용실,
4808,수지종합배관,
4809,엘약국,
4810,그린숲미술교습소,
4811,수지창조의아침미술학원,
4812,환하다헤어,
4813,독서의길을묻다 논술교습소,
4814,광교웃음진치과,
4815,미소치과의원,
4816,아오스치과의원,
4817,고기에서 고기,
4818,도그마캣용인상현점,
4819,펍비노,
4820,제이엠음악교습소,
4821,숯불직화꼬치구이,
4822,메가엠지씨커피 수지도서관점,
4823,손가네 칼국수,
4824,유가네닭갈비,
4825,수지상현문고,
4826,복사코너,
4827,역전할머니맥주 광교상현역점,
4828,사이공본가,
4829,슈앤트리,
4830,파리봉강아지미용실,
4831,멍집사,
4832,김용한내과의원,
4833,헤이브너스,
4834,야가투디자인,
4835,마장동고기집 수지점,
4836,미니스피어싱 수지점,
4837,명지대브레인바둑학원,
4838,더기빙트리어학원,
4839,콴다스터디랩리드앤톡학원,
4840,용인동천와이즈리더영어독서전문,
4841,줄리어드광교음악학원,
4842,성원머리나라,
4843,안연숙,
4844,은빛음악학원,
4845,그림랜드 미술학원,
4846,남자피자죽전점,
4847,미스터피자수지점,
4848,칸틴커피,
4849,전주콩뿌리콩나물국밥,
4850,이쌤수학교습소,
4851,알파문구 죽전점,
4852,내친구 뭉구야,
4853,오션스터디카페 수지상현점,
4854,아바타PC방,
4855,파란 토마스죽전국제학원,
4856,죽전화훼,
4857,아이통곡모유육아상담실,
4858,태강철학관,
4859,프로크리닝,
4860,금호세탁소,
4861,푸르오세탁,
4862,해담이한의원,
4863,정한돈,
4864,족발고,
4865,수리울,
4866,마시왕잔치국수,
4867,버드파파,
4868,헤어빌리지,
4869,파리바게뜨죽전단국대점,
4870,수지당,
4871,명문내과의원,
4872,크리에이티브커피,
4873,현진약국,
4874,성복약국,
4875,이즈미수지점,
4876,세광양대창 수지구청점,
4877,디씨티로켓다이브,
4878,이디야 수지풍덕천점,
4879,샤인노래연습장,
4880,레베카플라잉요가,
4881,프로원스트링웍스,
4882,비욘더리미트,
4883,달콤한 게으름,
4884,메가엠지씨커피 수지중앙어린이공원점,
4885,크린토피아용인수지죽전벽산점,
4886,크린토피아 신봉동한화점,
4887,슈즈크린,
4888,이지워시 셀프빨래방 용인풍덕천점,
4889,지니미용실,
4890,프리덤아트스페이스미술학원,
4891,킨더클랑음악학원,
4892,브리즈 플라워,
4893,매티스트수학학원,
4894,손희순 hair shop,
4895,일리치약국,
4896,꿈에동물병원,
4897,상현아이비티잉글리쉬팔영어교습,
4898,메인캠퍼스러닝트리영어학원,
4899,단대골목,
4900,24시전주명가콩나물국밥,
4901,케어짐PT 기구필라테스,
4902,바디클래스,
4903,앨바트로휘트니스,
4904,리본에스테틱,
4905,델라에스테틱,
4906,광교칼국수,
4907,오즈24스터디센터독서실,
4908,퍼펙트점핑,
4909,수학은 내친구,
4910,동천아르떼음악학원,
4911,피아노스토리음악교습소,
4912,까까펫살롱,
4913,온컴퓨터,
4914,제로백피씨,
4915,인  스튜디오,
4916,포토제니수지점,
4917,더존비닐용인점,
4918,동보열쇠,
4919,민이네컴퓨터,
4920,산골식당,
4921,경희대소현태권도장,
4922,김태철이비인후과의원,
4923,논골집수지점,
4924,예감쪽갈비성복점,
4925,춘향골남원추어탕,
4926,달님웰빙분식,
4927,월드헤어,
4928,라일헤어,
4929,파이씨에이,
4930,이화무용학원,
4931,아트설미술학원,
4932,링키영어광교상현점영어교습소,
4933,수학공감학원,
4934,리딩몬스터영어독서학원,
4935,클라비어음악학원,
4936,이센치과의원,
4937,한양대 T.A.C,
4938,루봄 필라테스,
4939,여우자기,
4940,우촌,
4941,아름다운코스메틱,
4942,프레드피자수지점,
4943,편한내과의원,
4944,김병연소아청소년과,
4945,블리스버거 용인동천점,
4946,리에또젤라또수지상현점,
4947,르네셀용인수지,
4948,잇올스파르타독학재수학원,
4949,백승,
4950,꿈꾸는수학나무학원,
4951,이자경수학광교상현학원,
4952,현성철물건재,
4953,칠프로칠백식당수지구청점,
4954,토마토김밥용인수지상현점,
4955,수지튼튼 신경외과 의원,
4956,헬로닥터원의원,
4957,메디미의원,
4958,수지바름의원,
4959,히룸헤어,
4960,다모가발,
4961,수지솔개초교점,
4962,큰마루,
4963,아이앤짐,
4964,스윔키즈,
4965,용인상현작심스페이스,
4966,홍화로오 샤브샤브,
4967,아리가또맘마,
4968,제니,
4969,빅뱅수지점,
4970,기본스터디카페 수지점,
4971,에이뿔학원,
4972,꽃피는수학프로매쓰,
4973,코코홍익미술,
4974,스마일점프,
4975,하키머신코리아,
4976,제이샵공방,
4977,그레이트수학영어학원,
4978,동강회참치,
4979,필립헤어,
4980,헤어드레싱,
4981,에코쟈뎅X은우 롯데몰 수지점,
4982,반찬명가,
4983,아마스빈,
4984,꿀잼키즈룸 성복점,
4985,더홈이태리디자인,
4986,책나무수지죽전독서논술학원,
4987,트윈스 프리미엄 스포츠 아카데미,
4988,블룸잉글리시,
4989,나임아트수지미술교습소,
4990,라미야용인수지점,
4991,유엔바스타일도기,
4992,써니네일,
4993,피지엠,
4994,더 피트니스 카사,
4995,피티클래식,
4996,더룩,
4997,빈대떡신사,
4998,커브스,
4999,박여사네,
5000,일품향미 족발관,
5001,9900아구찜,
5002,도깨비 냉장고,
5003,용문객잔,
5004,달케이크,
5005,조이잉글리시영어교습소,
5006,삼성영어솔개영어교습소,
5007,태풍태권도장,
5008,승리태권도장,
5009,다니엘태권도장,
5010,서울나온피부과의원,
5011,에스제이미의원,
5012,밝은누리안과,
5013,몬스터수학학원,
5014,반찬나라,
5015,아이스까까,
5016,엄마통닭,
5017,머리여행,
5018,마리우스,
5019,쏘엘,
5020,밀론 부티크 죽전점,
5021,리에이치 스튜디오,
5022,에이치에스퍼트,
5023,더랩스피트니스죽전점,
5024,수지LG점,
5025,양샘수학학원,
5026,파워영재교육,
5027,필라일락,
5028,스마트점프 죽전점,
5029,형제왕족발보쌈,
5030,하늘진수학학원,
5031,스폰테아트미술교습소,
5032,쎈수학용인광교상현학원,
5033,모기영어학원,
5034,제이앤제이영어학원,
5035,삼성영어셀레나스마트해법수학수지신봉학원,
5036,본경희한의원,
5037,상현경희한의원,
5038,가장맛있는족발,
5039,또깡이 곱창,
5040,부어치킨 수지성원점,
5041,가마치통닭 동천점,
5042,이튼치과,
5043,임태준치과,
5044,광교서점,
5045,꽃모닝,
5046,미즈유 영상의학과의원,
5047,이유수학학원,
5048,구두수선,
5049,회마루,
5050,착한 학생복 용인점,
5051,수지구청역점 한신포차,
5052,스마트브릭스,
5053,폰뎀킨트몬테소리연구소,
5054,김민재 헤어갤러리,
5055,브로우 꿈,
5056,할머니의 부뚜막,
5057,호재,
5058,엘런헤어,
5059,홍익쥬니어미술교습소,
5060,리커머스,
5061,네일파크,
5062,강남헤어대박스타일,
5063,메인탑광택타운,
5064,김기택 탁구클럽,
5065,곰탕314,
5066,올데이 요가,
5067,앨바트로복싱,
5068,돈까스호야,
5069,수지멸치국수,
5070,불닭발땡초동대문엽기떡볶이 수지,
5071,엘젠필라테스,
5072,뮤즈헤어,
5073,헤어자이,
5074,헤어금밭크리닉,
5075,타마시헤어,
5076,죽전Y유도관,
5077,어울림마트,
5078,깐돌이네,
5079,한양 김치찌개,
5080,이지재활의학과의원,
5081,리셋재활의학과의원,
5082,수지정형외과의원,
5083,심심애미술심리상담센터,
5084,또봉이통닭 죽전도담마을점,
5085,토담옛날통닭,
5086,파머스 스토리,
5087,김종원정신건강의학과의원,
5088,소유,
5089,리치,
5090,제이콥,
5091,뚜레쥬르 죽전에브리데이점,
5092,펀테니스아카데미,
5093,우노 요가스튜디오,
5094,호텔172st,
5095,빙수당 용인단국대점,
5096,핵밥 수지구청점,
5097,쌍용세탁,
5098,백양세탁소,
5099,위풍당당콩나물국밥,
5100,숙명엘피아노,
5101,우주국어논술,
5102,타파웨어 스프링 홈파티스,
5103,본죽앤비빔밥 수지풍덕천점,
5104,굽네치킨 풍덕천1동점,
5105,성신양고기구이,
5106,용용선생 수지구청점,
5107,마니스헤어,
5108,예성,
5109,이응네일,
5110,담꾹 수지동천점,
5111,바인숲 음악학원,
5112,팔각도광교상현역점,
5113,체크올,
5114,소예,
5115,온쌀국수,
5116,퐁당밀가루,
5117,봉구스밥버거 상현점,
5118,아래아,
5119,펌펌,
5120,스테이크 드 새우,
5121,GS25 광교드림점,
5122,본가화로 수지분당점,
5123,에땅어린이미술학원,
5124,부뎅부뎅 광교상현역점,
5125,밀숲,
5126,김민기피아노교습소,
5127,아이스박스 라온점,
5128,새에덴복지회북카페,
5129,24시 무인카페 해달별 죽전현대점,
5130,헤어홀릭,
5131,도자생각,
5132,김정화수학학원,
5133,진짜순대,
5134,서봉골 장수촌,
5135,타이어테크죽전신세계점,
5136,컴포즈커피 용인죽전중앙점,
5137,숲,
5138,한국독서실,
5139,꿈꾸는 매쓰코칭,
5140,우리동네,
5141,용인철물건재,
5142,떡나무,
5143,나는 장어,
5144,시온기독교백화점,
5145,뛰뛰빵빵 용인수지 실내운전연습장,
5146,완도수산,
5147,가위소리,
5148,리딩온 영어학원,
5149,에듀스템수학전문학원,
5150,샵이화음악학원,
5151,광교성음스즈키음악학원,
5152,스스로창의미술학원,
5153,역전우동0410 수지구청역점,
5154,카페 시간통로,
5155,신개념축산,
5156,다원유통,
5157,가야쌈보리,
5158,플러터커피,
5159,이디야 단대죽전점,
5160,뜰41커피,
5161,설미술교습소,
5162,비에이블스터디카페 상현센터,
5163,이삭토스트용인신봉점,
5164,갈비마을,
5165,네오,
5166,색을 입히다,
5167,맹호수제돈까스,
5168,이레소아청소년과,
5169,큐이디골프,
5170,이마트24 수지정평점,
5171,리딩트리학원,
5172,이음피아노교습소,
5173,올리브용인수지점,
5174,소고기푸줏간,
5175,찐 정초밥 동천본점,
5176,려움,
5177,디디비옴,
5178,큐사랑 수지동천점,
5179,칸타빌레현악공방,
5180,이스트스크린골프,
5181,헬로우버디,
5182,경희3태권도장,
5183,현대 태권도 체육관,
5184,GS25 동천필타운점  ,
5185,GS25 동천수진점  ,
5186,GS25 수지나래가점  ,
5187,GS25 동천자이점  ,
5188,GS25 수지신정마을점  ,
5189,GS25 죽전도담마을점  ,
5190,GS25 수지서봉점  ,
5191,GS25 동천유타워점  ,
5192,GS25 수지문인점  ,
5193,GS25 수지캐슬점  ,
5194,GS25 수지이현점  ,
5195,GS25 수지힐스점  ,
5196,GS25 용인상현점  ,
5197,GS25 수지구청역점  ,
5198,GS25 성복역점  ,
5199,GS25수지서홍점  ,
5200,GS25 수지인현점  ,
5201,GS25수지현대점  ,
5202,GS25 수지수석점  ,
5203,GS25 신봉늘푸른점  ,
5204,GS25 죽전한양점  ,
5205,GS25 수지제일점  ,
5206,GS25 광교타운점  ,
5207,GS25 동천손골점  ,
5208,GS25 수지수풍로점  ,
5209,GS25 신봉센트레빌점  ,
5210,GS25 수지삼영점  ,
5211,GS25 수지덕풍점  ,
5212,GS25 수지엘지점  ,
5213,GS25 수지고기점  ,
5214,GS25 수지초입점  ,
5215,GS25 수지영진점  ,
5216,GS25 죽전성운점  ,
5217,GS25 수지중앙점  ,
5218,GS25 수지신수로점  ,
5219,GS25 수지송화점  ,
5220,GS25 수지동천로점  ,
5221,GS25 수지서홍점  ,
5222,GS25 수지죽전점  ,
5223,GS25 죽전단국대점  ,
5224,GS25 광교산자이점,
5225,GS25 수지상록점  ,
5226,GS25 죽전동성점  ,
5227,GS25 성복캐슬점  ,
5228,GS25 죽전솔하임점  ,
5229,GS25 수지하나로점  ,
5230,GS25 수지구청점  ,
5231,GS25 성복리버파크점  ,
5232,GS25 수지우남점  ,
5233,GS25 수지동문점  ,
5234,오쿨토,O
5235,몰라피자,O
5236,배리핏,O
5237,마통비어,O
5238,옻안타는천연염색,O
5239,지네일,O
5240,연세소아청소년과,O
5241,비티엘잉글리시수지캠퍼스영어교습소,O
5242,메이크,O
5243,비웰학원,O
5244,미소야,O
5245,엔에스펜싱클럽,O
5246,알다학원,O
5247,스킨딥의원,O
5248,더스페셜티,O
5249,또리 커피수지구청점,O
5250,에스제이아쿠아,O
5251,조이영어,O
5252,구구아이즈안경원,O
5253,렛츠,O
5254,브라운팩토리,O
5255,배러핏,O
5256,로지데이,O
5257,베스트에너지,O
5258,뉴욕버거,O
5259,엘르학생복,O
5260,퍼팩션,O
5261,초헤어,O
5262,스페이스어스,O
5263,세이치즈,O
5264,EIN스포츠,O
5265,에스비스포츠,O
5266,씨에스휘트니스,O
5267,본도시락,O
5268,유스카페,O
5269,오른영어전문학원,O
5270,지오엠스터디카페,O
5271,제이와이헤어,O
5272,필라테스,O
5273,꽃피어라,O
5274,마약낙곱새,O
5275,스튜디오크랙,O
5276,광교아지트,O
5277,미리,O
5278,미세스 전,O
5279,비티버거앤타코,O
5280,브로남성헤어전문,O
5281,엠티엠수학학원,O
5282,유니프레소,O
5283,쿡치킨,O
5284,렛츠스터디카페,O
5285,프리덤아트미술학원,O
5286,쏠레이,O
5287,에스와이엔씨보컬발성클래스학원,O
5288,군,O
5289,더라파엘,O
5290,사육사스트릿,O
5291,하나미스시,O
5292,팔층피티,O
5293,도화숲,O
5294,에이치영어연구소,O
5295,카페29,O
5296,더하빈,O
5297,비비어학원,O
5298,쏭스핫도그,O
5299,와이에스테틱,O
5300,어니스트짐,O
5301,향기 이룸,O
5302,아베크비,O
5303,차이니즈 퀴진 유,O
5304,인마이헤어살롱,O
5305,오토스타일,O
5306,버무리떡볶이,O
5307,장보는 강아지와 고양이 용인단국대점,O
5308,진앤어스,O
5309,비비큐 죽전아울렛점,O
5310,유블링네일,O
5311,아이씨에스학원,O
5312,아이엠스타 코인,O
5313,마모리,O
5314,본613,O
5315,에스엘비 입시학원,O
5316,이모김밥,O
5317,에이피동물병원,O
5318,에이치640,O
5319,스노우망고,O
5320,양미방,O
5321,휴,O
5322,페리카나치킨,O
5323,치킨마루,O
5324,브릿지수학학원,O
5325,더블룸,O
5326,명륜진사갈비,O
5327,매쓰랩수학 과,O
5328,고봉민김밥인,O
5329,은강덴트,O
5330,약손명가 에스테틱,O
5331,오월의곤드레죽전,O
5332,나무,O
5333,고르다,O
5334,컴퍼나이스,O
5335,듀오필라테스,O
5336,더맛있는반찬,O
5337,주내스트 짐클럽,O
5338,오케이당구장,O
5339,비롬헤어2호점,O
5340,현강,O
5341,단빛언어인지학습연구소,O
5342,코어스터디학원,O
5343,비비큐성복점,O
5344,더에이치뷰티,O
5345,올바로마켓,O
5346,오케이라인,O
5347,오롯이,O
5348,에스페라,O
5349,플러버,O
5350,포커스복싱,O
5351,더예원피아노교습소,O
5352,르호봇,O
5353,바르코,O
5354,제우스스포츠,O
5355,아이올라네일,O
5356,예쁘다헤어,O
5357,비엔,O
5358,씽크홀릭학원,O
5359,닥터모터스,O
5360,네일드루나,O
5361,아씨오,O
5362,알터에고,O
5363,파인트그라픽스,O
5364,에잇쿠키,O
5365,한솥도시락,O
5366,도담도담산후도우미,O
5367,롱베이케이션,O
5368,도건상사,O
5369,카젠,O
5370,그린코스메틱,O
5371,에스엔피이바른자세척추운동광교상현역점,O
5372,더미카,O
5373,덮밥하우스,O
5374,화이트허그,O
5375,원축구교실,O
5376,바나프레소,O
5377,베로나 플라워,O
5378,유투조명,O
5379,델리봉봉,O
5380,제이에스복싱GYM,O
5381,헬로,O
5382,데이 포,O
5383,체이스컬트수지점,O
5384,토브,O
5385,미래엔이에스글로벌학원,O
5386,스토리,O
5387,케이브런치 레아,O
5388,에버그린,O
5389,소워,O
5390,에이피독학재수학원,O
5391,샵루다,O
5392,새빛,O
5393,네일로,O
5394,아를 스튜디오,O
5395,고수의운전면허수지구청역점,O
5396,명랑핫도그,O
5397,리버8미디어,O
5398,아이엘케이국어논술교습소,O
5399,심플소잉NCC,O
5400,샵데이,O
5401,다빈치,O
5402,로로네일,O
5403,멍블리스,O
5404,디자인헤어,O
5405,바디업피티,O
5406,투에이치헤어,O
5407,이철헤어커커,O
5408,초이스쿨학원,O
5409,아이엠코인노래연습장,O
5410,메르시마카롱,O
5411,바바라,O
5412,핑크버스 수지점,O
5413,아이티씨영어광교상현학원,O
5414,피펜,O
5415,짐사회서비스센터,O
5416,스윗제니,O
5417,아이렛,O
5418,상현검도관,O
5419,제이앤지피부과의원,O
5420,니하오마라탕,O
5421,와이블랙,O
5422,우도갈비막국수,O
5423,에이에스피와이어트어학원,O
5424,더뉴,O
5425,선실험과학,O
5426,피오니,O
5427,마미떡,O
5428,샘,O
5429,부자꼬마김밥,O
5430,뷰티 오르유,O
5431,효티네일,O
5432,멜로즈,O
5433,에스티엘수학교습소,O
5434,엘리,O
5435,파스,O
5436,더뉴용인수지점,O
5437,오아스,O
5438,네오노블시스템,O
5439,살롱5,O
5440,카페엣176,O
5441,철길 부산집,O
5442,아이씨에스영어학원,O
5443,히비스,O
5444,네일스테이,O
5445,이안 스터디카페,O
5446,지오에스떼,O
5447,로제커피,O
5448,비에이치씨치킨성복점,O
5449,에임헤어,O
5450,옙뷰티,O
5451,와인비 바,O
5452,카페다옴,O
5453,보스네일앤브로우,O
5454,헤어살롱플로르,O
5455,에이치펜싱클럽,O
5456,뷰티풀 미,O
5457,오밀당,O
5458,아마블레,O
5459,에스제이스크린골프,O
5460,벌벌잉글리쉬영어교습소,O
5461,아브니,O
5462,윌로우 테이블,O
5463,아이엠스타 코인노래방,O
5464,베이커스 홈,O
5465,꼬장가,O
5466,생선장수,O
5467,송알,O
5468,수지주니어테니스아카데미,O
5469,한스,O
5470,반아컴퍼니,O
5471,카페아로스토,O
5472,다부짐,O
5473,루시 241,O
5474,제이엠 피트니스,O
5475,투썸플레이스,O
5476,에이원잉글리시영어교습소,O
5477,케이냉삼,O
5478,필라테스 바이진,O
5479,에스지제이스파,O
5480,스시유,O
5481,벤조이,O
5482,정성가득찬,O
5483,츄잉츄잉,O
5484,생활맥주,O
5485,네일킹,O
5486,만우정,O
5487,플로우어학원,O
5488,포나인안경원,O
5489,지유명차,O
5490,엠 제이헤어,O
5491,브레댄코,O
5492,클럽에스제이,O
5493,비비큐광교상현점,O
5494,현엘티이죽전점,O
5495,와이비엠잉글루학원,O
5496,족발애,O
5497,비앤아이영어학원,O
5498,요커광교숲속마을점,O
5499,인버디,O
5500,수시종합플랜비논술학원,O
5501,스마트온어학,O
5502,육일이공일이,O
5503,스터디앤카페 광교상현센타독서실,O
5504,엠앤제이수학국어학원,O
5505,노이,O
5506,프로젝트엠,O
5507,약손경락,O
5508,고트복싱,O
5509,또또꼬마김밥,O
5510,더리듬음악학원,O
5511,맨보이,O
5512,그릭베리,O
5513,나는장어,O
5514,아이조아,O
5515,제이앤에이엠앤디학원,O
5516,스텔라,O
5517,본죽전점,O
5518,이트,O
5519,한국키즈골프,O
5520,누리다,O
5521,담소소사골순대,O
5522,환타지음악학원,O
5523,본퍼퓸,O
5524,살롱드앤,O
5525,서패스 스페이스,O
5526,하일랜드,O
5527,필라테스칼리지,O
5528,수수,O
5529,제이삼공,O
5530,범바이크,O
5531,헤어블랑,O
5532,더드림카,O
5533,치킨만세,O
5534,에스 앤 에이,O
5535,엠제이모바일,O
5536,헤어cat,O
5537,옥된장,O
5538,루센트 수지성복점,O
5539,케이수학학원,O
5540,꿀레,O
5541,에이치요가,O
5542,디아이모터스,O
5543,고르제,O
5544,스터디앤카페광교상,O
5545,꿉,O
5546,드레스업,O
5547,에스네일,O
5548,카페호코,O
5549,졸리점프,O
5550,에이치투엠수학교습소,O
5551,아지트,O
5552,카페수지,O
5553,제이피티샵,O
5554,매쓰원탑학원,O
5555,호잇,O
5556,일박이일,O
5557,테스파,O
5558,디엠아트미술학원,O
5559,블럭제빵소,O
5560,글라스스토리,O
5561,광교제이씨정형외과의원,O
5562,레푸스,O
5563,공차,O
5564,쥬씨,O
5565,보다,O
5566,케이 필라테스,O
5567,올탑스터디카페,O
5568,슬릭 라인 PT,O
5569,엘피올라,O
5570,비에이치씨 죽전점,O
5571,스마일찰진꽈배기,O
5572,미미야미,O
5573,베이크로,O
5574,파렌,O
5575,더블유앤더블유벽과창,O
5576,도도,O
5577,자이안경,O
5578,이너스,O
5579,시크릿,O
5580,비춤안경원,O
5581,네일라인,O
5582,아워아트미술교습소,O
5583,BBQ 치킨,O
